rms_theta,rms_q,rms_u,settling_time_0p05,lqr_cost,trial,seed,mode
0.14884135926563255,0.13429377399787856,0.0,,53.32490932337895,0,1016164991,open
0.1121949456930705,0.09560155315986256,0.0,4.39,29.745240161431127,1,1099128568,open
0.09356048769845716,0.08932406670906944,0.0,1.36,21.49652416346948,2,1621709874,open
0.10309948890848361,0.09417718658561336,0.0,2.0100000000000002,25.69368046297183,3,2041105244,open
0.11471472311455655,0.09733270341862432,0.0,5.76,31.055762975887678,4,74845286,open
0.0821726104211088,0.08281317872868188,0.0,3.13,16.93368709241292,5,309580410,open
0.09780243341288299,0.10556078252478189,0.0,4.16,24.702171366585034,6,1767258088,open
0.09693265332669126,0.0828346305458819,0.0,4.3,22.222666570741385,7,2037209174,open
0.11422598589888298,0.11976105041298095,0.0,12.67,33.26650630715384,8,535214420,open
0.11263791545033146,0.11110868819773688,0.0,2.35,31.54717029050293,9,669652943,open
0.12582700936088004,0.09309234386995581,0.0,2.9,35.997964813007016,10,1866217507,open
0.15472837987224342,0.11890524241403815,0.0,13.93,54.950971412549144,11,909086626,open
0.1255773709343979,0.10274511061768214,0.0,,36.81763105951063,12,586626705,open
0.1112195309356269,0.08026698812147676,0.0,3.44,27.96096281412841,13,1777477784,open
0.12017682428000036,0.1202574999302332,0.0,1.1500000000000001,36.11587133278729,14,551886180,open
0.1326229097927836,0.10806941275163616,0.0,3.22,41.01717139005147,15,878748453,open
0.12163686723629237,0.1193092832619351,0.0,4.37,36.70840747835716,16,1382612244,open
0.11921508978853487,0.09747633334843073,0.0,5.3,33.17529304810409,17,1180243456,open
0.1075548926484108,0.10775669926769833,0.0,4.17,28.941862983756955,18,184123696,open
0.11098498201728389,0.09526605689262034,0.0,1.25,29.173143264687642,19,59182744,open
0.1176838428370307,0.10612856751589285,0.0,1.48,33.330610151269624,20,1858836761,open
0.10893086896653084,0.10348442947900256,0.0,15.74,29.08638199990438,21,1618157078,open
0.0577940483193721,0.06539959644120828,0.0,1.31,8.818857649620268,22,1799343697,open
0.15675509806766197,0.14506378830845226,0.0,17.27,59.666072879604364,23,1155653964,open
0.10848534487063312,0.08857646950396497,0.0,11.97,27.461035578293806,24,1755663523,open
0.1526582526803875,0.12821046104911102,0.0,17.01,54.82804538407086,25,708093468,open
0.10901810436467016,0.10891776294169563,0.0,4.71,29.701433700643953,26,972122756,open
0.15791006829131723,0.1283603522255999,0.0,,58.109369347276996,27,1693137747,open
0.09066523929941417,0.08141593500662199,0.0,6.74,19.754648470941337,28,266112162,open
0.12041644984980497,0.09744908032583217,0.0,3.23,33.74840441703639,29,651105937,open
0.1427873556569042,0.12413492386274975,0.0,16.11,48.481197532187764,30,267191830,open
0.08860194465662957,0.08900015151887893,0.0,4.6000000000000005,19.661122679064615,31,973879301,open
0.08515048120769916,0.082533644339718,0.0,2.1,17.90711012380299,32,2097889540,open
0.09696510767798862,0.09870021149396048,0.0,7.42,23.675330088484106,33,287852352,open
0.11641867496010949,0.10621766718063506,0.0,8.700000000000001,32.74771216958335,34,823155374,open
0.1106167505303574,0.0958222170645708,0.0,5.64,29.063079637375555,35,865678546,open
0.13980191961515606,0.11871915586039918,0.0,11.33,46.13627244026788,36,1941050025,open
0.09342384248891011,0.10339282506248762,0.0,3.7600000000000002,22.801066827986425,37,436916801,open
0.17310086453637338,0.13165598488817684,0.0,10.53,68.59446778491775,38,1078591221,open
0.10403061269945535,0.10765437751498354,0.0,1.58,27.4394692563174,39,563313608,open
0.1271901387841099,0.10791359380459987,0.0,11.19,38.1773346717544,40,42568569,open
0.11531058801815805,0.08071745203469724,0.0,2.06,29.850716949673625,41,1611395863,open
0.11582342866298662,0.10135024062716928,0.0,7.57,31.966068892092512,42,133188514,open
0.11773030123098363,0.1084709788748202,0.0,17.81,33.603824284907134,43,602173222,open
0.14866311937467083,0.12179895335624939,0.0,14.83,51.61893864375417,44,1069973050,open
0.1426005361636364,0.09133239303850714,0.0,1.37,44.84062883738331,45,1041939683,open
0.11084411731811794,0.09753141348519913,0.0,4.54,29.32902499627583,46,251122470,open
0.09793531584636306,0.0965563979443354,0.0,10.72,23.84422117184625,47,2106117098,open
0.1417937296645416,0.11632455218088286,0.0,1.42,46.97662426440365,48,1608686207,open
0.09894565272200437,0.10519093652282183,0.0,4.2,25.113050948441163,49,2065143097,open
0.14226146598483155,0.13318824993685913,0.0,16.01,49.34620436892827,50,197792238,open
0.12216944683976032,0.09835503687978091,0.0,7.13,34.68760412207758,51,1556474545,open
0.13444940605366698,0.09456837349452782,0.0,2.49,40.624874209067926,52,629526660,open
0.11444027879882786,0.11412199216630645,0.0,11.98,32.70506937111021,53,1162275821,open
0.10056611496256629,0.11355055119629824,0.0,3.71,26.67395079581982,54,1986274267,open
0.08113814945616141,0.07806034804152451,0.0,2.0,16.213507562522764,55,594619332,open
0.1253410974846741,0.11620978758144403,0.0,3.25,38.17313880218732,56,1558804747,open
0.14245843883376516,0.10705568127390919,0.0,15.290000000000001,46.31927303641775,57,344997561,open
0.11851693731808491,0.0902231725699936,0.0,11.34,32.16263929681512,58,692725760,open
0.09728283815837122,0.08973812726225432,0.0,7.17,22.95436694256398,59,2082898963,open
0.0938136170782897,0.08495398363685978,0.0,8.8,21.2105791665099,60,904342678,open
0.10639328807183442,0.09317681694220172,0.0,1.47,26.980023101212943,61,1108248847,open
0.13517538610223934,0.11362650043229723,0.0,5.41,43.00026081602434,62,629145195,open
0.09868604647211479,0.09229626859448646,0.0,1.69,23.7371721348256,63,248819507,open
0.09517867355386668,0.09391667940553092,0.0,1.26,22.528131134227696,64,911820705,open
0.10450869770990241,0.06030372397739051,0.0,4.29,23.662405356810133,65,1338934053,open
0.09906224161373318,0.09138999307568653,0.0,1.07,23.802720844262282,66,978390736,open
0.07915588305626954,0.07339697750580695,0.0,4.66,15.224865798329601,67,1667914286,open
0.10360670908302277,0.08999260243652232,0.0,1.12,25.51803458067719,68,779217002,open
0.12459968631070174,0.10144141689839978,0.0,15.8,36.19534418862802,69,1316414564,open
0.09573419212927145,0.08917046851807393,0.0,7.61,22.305757313154924,70,1659553368,open
0.11595201421973189,0.10061430626520869,0.0,7.69,31.951358515840386,71,1969881820,open
0.13974557690046113,0.14315646638061344,0.0,8.56,49.304539459777246,72,917647715,open
0.14635358966184897,0.11927904804367358,0.0,6.18,49.952492064920136,73,85025054,open
0.09403844150663185,0.09411473542662074,0.0,4.93,22.115248674203904,74,1543026409,open
0.15613224914805,0.1391967198185086,0.0,15.76,58.44242185217371,75,1135136798,open
0.09118562766927148,0.09896872464805499,0.0,2.24,21.52704161610922,76,1872810736,open
0.12762488491423415,0.09987112361865312,0.0,,37.563343165169144,77,986416296,open
0.13616200588475239,0.13099661577429608,0.0,6.54,45.66024036527795,78,790444289,open
0.10990754590337276,0.0886593987546529,0.0,3.2600000000000002,28.089581786772275,79,133894701,open
0.10301568788865709,0.09948052920944828,0.0,7.8100000000000005,26.17265174824236,80,981769744,open
0.08222920680768053,0.08767396131556954,0.0,1.55,17.366646650822563,81,1377241755,open
0.1376247983921715,0.1217049396581047,0.0,2.5300000000000002,45.287216433563096,82,1653715900,open
0.10063309749596111,0.10108146493039859,0.0,13.34,25.362771899500988,83,1831015077,open
0.12024236060669792,0.1058561159842227,0.0,,34.51920921417501,84,461373844,open
0.11277852447413302,0.07958737963058884,0.0,1.79,28.60506666335695,85,1273331139,open
0.13349650566487417,0.13345679804352434,0.0,8.25,44.54799252147858,86,1727528594,open
0.15555381839172175,0.13180596795288266,0.0,11.18,57.080387426487654,87,558555015,open
0.1305679947231231,0.1428373818529699,0.0,4.24,44.297261319340606,88,740102319,open
0.10050211651308492,0.0920064866275974,0.0,2.86,24.43394763799652,89,1803631831,open
0.12349314479069112,0.12030262009177516,0.0,17.98,37.73747382106225,90,1248920237,open
0.1427806685136725,0.11856454472302738,0.0,11.77,47.801414235111814,91,1094134073,open
0.10274702799133052,0.09736208003103568,0.0,15.290000000000001,25.85359083608746,92,1446720799,open
0.10072298247178,0.09640354965071464,0.0,5.14,24.93706058864991,93,1097125524,open
0.13346558380353638,0.12058610337105778,0.0,8.870000000000001,42.89662828314541,94,2106555450,open
0.22446406127255053,0.16309616177904512,0.0,,114.06840859946281,95,1617120056,open
0.10636724754533719,0.11120194562589386,0.0,14.13,28.810919056234212,96,116244472,open
0.07506809022362898,0.07578478973491903,0.0,3.7600000000000002,14.142103517228776,97,317660152,open
0.1200507892117712,0.08204829375278194,0.0,1.84,32.19034523460965,98,1170534941,open
0.0859034525117546,0.08792048613194779,0.0,1.85,18.62381224771758,99,1760134975,open
0.10169577514903204,0.0710251141201384,0.0,5.63,23.2063447842143,100,148210009,open
0.14015797834758337,0.11009729357702203,0.0,9.88,45.349224815455734,101,1467347456,open
0.11352955869404456,0.09070465642295716,0.0,1.58,29.891588742932377,102,1631001374,open
0.10079308673247471,0.09877834852978092,0.0,4.4,25.19707373525578,103,1690277810,open
0.13218692294621437,0.10209502119379021,0.0,,40.15846187225702,104,1875496127,open
0.1263988472945991,0.11791283924051627,0.0,2.33,38.905056023686626,105,411492782,open
0.1394250817166039,0.11618811819898407,0.0,17.26,45.628546228673905,106,1192456270,open
0.12426273969673912,0.12155082653496549,0.0,17.42,38.26975866954564,107,1723063914,open
0.10395354116418648,0.10171866564261593,0.0,7.38,26.78602091120558,108,768793750,open
0.10686749402253665,0.07266863811149289,0.0,2.09,25.48168803980335,109,410865002,open
0.0940301863292197,0.08892739040299921,0.0,1.11,21.63739226415921,110,1029694513,open
0.12876864073726374,0.08582509872395028,0.0,16.13,36.845699460132984,111,175132911,open
0.11558746677926651,0.1128326776454073,0.0,3.47,33.086531525212195,112,472445100,open
0.1517517571637217,0.10702908435527299,0.0,14.39,51.784804053518435,113,1836585941,open
0.11363947531637575,0.10745733376259176,0.0,1.31,31.60139999004483,114,1433718042,open
0.15231085577673545,0.14587223756289672,0.0,,57.036548420686195,115,1849592223,open
0.13683666828042773,0.10301834331756125,0.0,8.8,42.75493710212307,116,1803912902,open
0.08602449814694363,0.08949563556225976,0.0,7.79,18.805162955213454,117,1882349080,open
0.13121786613296307,0.12145348177552469,0.0,11.700000000000001,41.81173090267527,118,666884549,open
0.1416243991086635,0.1078921980569965,0.0,16.580000000000002,45.9353040465651,119,1013418405,open
0.13255862499392423,0.10341553948872936,0.0,,40.49096502443215,120,1325896902,open
0.08794908447058059,0.08450462575706275,0.0,9.6,19.040598805597284,121,588514432,open
0.1035175985237738,0.0966709379740813,0.0,5.87,26.104421532652754,122,1974475030,open
0.10420021098261929,0.08035620697216887,0.0,6.03,24.94392793712176,123,15229585,open
0.09102297773304538,0.08698438066769393,0.0,10.68,20.353506190852073,124,1800089671,open
0.12329486562388946,0.11345668409473526,0.0,9.370000000000001,36.83945736131219,125,1386675063,open
0.1440844844214075,0.14116289111534813,0.0,14.33,51.48415821598737,126,544083117,open
0.09943483643015928,0.07152019912730793,0.0,17.96,22.332142833389952,127,1545993628,open
0.13057062355188448,0.08820480956444181,0.0,9.36,37.98741968460555,128,886956485,open
0.1448641570872537,0.12186888739376822,0.0,,49.39726087449853,129,1794371228,open
0.14917940527053017,0.1013191902136674,0.0,,49.64177906651479,130,2143709453,open
0.10635307808881408,0.10276898280271811,0.0,6.3500000000000005,27.902686351083414,131,605328024,open
0.10608385048154662,0.09117267863606596,0.0,11.36,26.66379533081996,132,1009388424,open
0.09067096252425892,0.08057549272478808,0.0,5.08,19.688651904072348,133,462177494,open
0.08402556193886866,0.09309477816494442,0.0,7.42,18.4539089790754,134,1487220832,open
0.08572659202475179,0.09387200110791313,0.0,2.94,19.10407345635849,135,1372953683,open
0.09673584091261733,0.09633340765761049,0.0,5.36,23.355708549606042,136,1813665612,open
0.14379553270433199,0.12107996991336509,0.0,2.05,48.68449000855588,137,1728842088,open
0.10026475728261924,0.07813334706947228,0.0,2.52,23.158453068024382,138,2097930220,open
0.08464358147559009,0.10089756393783401,0.0,1.11,19.419230974324357,139,2069467440,open
0.12620565542173617,0.12312359631011782,0.0,11.040000000000001,39.435444905028426,140,1921790505,open
0.09743210182332807,0.09629534557104248,0.0,1.82,23.622425720745984,141,323249611,open
0.10241991398590687,0.09398938597586555,0.0,12.25,25.396679899821237,142,90638391,open
0.09453135778054479,0.0898112348324935,0.0,5.69,21.905384158735373,143,1035543218,open
0.1012507638942148,0.08856657965817728,0.0,1.6300000000000001,24.425453894498244,144,740899031,open
0.18426553322258035,0.11271719568953047,0.0,11.68,74.26015656965974,145,1921387682,open
0.10300536323311865,0.08525530747490266,0.0,4.73,24.85444343589355,146,1711391460,open
0.0970800609611951,0.10218348833347236,0.0,2.81,24.06980911645715,147,907777644,open
0.10835470821161289,0.09007038983428196,0.0,2.08,27.537823145697306,148,1235980316,open
0.11357225271290214,0.09416988909518705,0.0,12.370000000000001,30.23129717866653,149,1265946037,open
0.13257491161118212,0.10801767882050183,0.0,5.14,40.98612384631,150,1913147181,open
0.13428119098849414,0.11877008720064856,0.0,11.700000000000001,43.11604331340174,151,52593328,open
0.11639602822030602,0.10888115185495781,0.0,5.7700000000000005,33.02362338555568,152,1051673196,open
0.08423423103006568,0.08650249052205222,0.0,7.140000000000001,17.932151787711803,153,1446244094,open
0.16074436540012216,0.13474980552617138,0.0,8.35,60.7562570604465,154,972920472,open
0.105026426924313,0.10631114278669462,0.0,8.03,27.71213024528259,155,1973727780,open
0.11583799592529295,0.10900144666805518,0.0,5.3500000000000005,32.777540287840765,156,2041267439,open
0.10394242610732995,0.10262145788755891,0.0,11.96,26.873637699639474,157,1775593873,open
0.10416877953768179,0.09799237912759214,0.0,11.32,26.503522444283185,158,997332142,open
0.1452070929450837,0.12650536744434449,0.0,16.490000000000002,50.1720036792387,159,1901640291,open
0.12750059118241794,0.10043954400654656,0.0,2.93,37.55685250385364,160,157374658,open
0.09149409079780972,0.08771066052932994,0.0,1.28,20.58891728708135,161,1418102380,open
0.08912331981344568,0.085636137922094,0.0,4.6000000000000005,19.552706328245403,162,575740686,open
0.15479749948097496,0.1322234817639816,0.0,2.14,56.66605625601996,163,527319478,open
0.11235464544526023,0.06447722127349735,0.0,17.53,27.325788737836053,164,1459174190,open
0.11222527011795055,0.09611427617719923,0.0,9.08,29.807999548627393,165,1650377687,open
0.07617866353107777,0.06252178076011733,0.0,2.84,13.560864089470398,166,1907987181,open
0.16363024493493772,0.12144671930215359,0.0,8.44,60.924366929563476,167,454568047,open
0.1553178273335617,0.12404398447217693,0.0,14.32,55.94071001710293,168,1871892948,open
0.11781344266846237,0.10233558364165221,0.0,1.29,32.996300386428985,169,1785149113,open
0.09634414258150065,0.09423091858473447,0.0,7.87,23.004120628190464,170,675405135,open
0.09639339506942013,0.0853298352636144,0.0,2.92,22.223963619076365,171,134685712,open
0.08020963795198147,0.07633523179167225,0.0,1.3900000000000001,15.780705847120036,172,1657585441,open
0.13582208010264316,0.12061013351551986,0.0,1.3800000000000001,44.168677040133325,173,1772721579,open
0.1348820542863606,0.1138342364702429,0.0,,42.865453833399066,174,989179359,open
0.12714257140027646,0.10518434498474791,0.0,15.38,37.86234013948404,175,353276664,open
0.12579010952025294,0.11067657247653634,0.0,6.05,37.77095515381147,176,312896403,open
0.11203824937871418,0.08256241682727342,0.0,2.24,28.513414983874114,177,805622040,open
0.10654324355512125,0.07658529407816836,0.0,5.96,25.63557912901144,178,1625994511,open
0.11908199581639896,0.09669210076490213,0.0,,33.03572463039875,179,680190032,open
0.14337980327542987,0.09328239537639942,0.0,9.81,45.46633861818138,180,67639314,open
0.07535878212857831,0.08247062512516926,0.0,6.55,14.758594092073114,181,1484634977,open
0.1065497889318532,0.10610364087680975,0.0,3.43,28.334706346502376,182,1598208864,open
0.08394478820874267,0.09566843633320869,0.0,1.32,18.669679790041954,183,383480187,open
0.10477746250798677,0.09078109225207795,0.0,9.42,26.0772366544653,184,1203509821,open
0.09601505461175933,0.09283275452917122,0.0,5.79,22.746741580934867,185,850953628,open
0.10212238423524415,0.10270847226850204,0.0,1.36,26.13247786164648,186,1076362207,open
0.12933709655845188,0.1065693663270132,0.0,9.39,39.134684012011164,187,12508222,open
0.09288793016778124,0.07512111970263768,0.0,4.8100000000000005,20.077926454398213,188,1362793716,open
0.1101465526628292,0.10206231515248088,0.0,9.67,29.47288421415298,189,563703102,open
0.11458056908361273,0.10294774370030517,0.0,11.57,31.556532589540936,190,1190527097,open
0.19355529183766473,0.15451272193635618,0.0,12.27,86.86439261681787,191,904496090,open
0.1165944134688671,0.09145929903618653,0.0,9.4,31.37091619439359,192,1309607926,open
0.0873325606828892,0.08865006081263695,0.0,2.37,19.18336895190319,193,227464123,open
0.10603693999096324,0.08999603744383373,0.0,2.66,26.537308663090187,194,781986532,open
0.16865991574627956,0.16399709808285423,0.0,,70.33985844888288,195,1359700629,open
0.11743650354121295,0.10245037636979461,0.0,6.2,32.83070453712703,196,1647837452,open
0.10080734233680984,0.09326493062141027,0.0,1.51,24.673414179929804,197,816954898,open
0.12390960612677278,0.0935638873541789,0.0,5.0600000000000005,35.084281489396645,198,52603344,open
0.06735416576088968,0.08368014430096792,0.0,2.79,12.574350565806244,199,1557556871,open
0.09649969088989235,0.08736035051189021,0.0,1.78,22.440296104469713,200,1083895608,open
0.1503775433590914,0.11629036646575434,0.0,5.86,51.98853575980039,201,1404166565,open
0.08645851943599189,0.08158744112009009,0.0,1.23,18.278406440389677,202,342239673,open
0.09378558095863389,0.0905877832234713,0.0,2.1,21.694543626168254,203,926052391,open
0.21521666260649785,0.19079486991129194,0.0,1.08,110.83776491919161,204,1897149460,open
0.10579394823962097,0.11890453681040607,0.0,,29.453863405303846,205,1862556602,open
0.10808023332526297,0.09822562952068457,0.0,13.14,28.1868108186539,206,679324648,open
0.0780875726347351,0.09105326370824499,0.0,3.79,16.3406864159317,207,1357499827,open
0.09876311924359958,0.09666813760961317,0.0,3.13,24.180671859906507,208,180696884,open
0.11492439535119653,0.10144245353025692,0.0,1.67,31.560518982795426,209,1740050920,open
0.09990502929497545,0.0826985799896958,0.0,3.37,23.381557323015855,210,575813192,open
0.09139164987533548,0.08589324541072647,0.0,7.19,20.393692137465415,211,733998580,open
0.10253921985289348,0.09794046176552136,0.0,8.38,25.824750241501807,212,2073541151,open
0.08924758885669191,0.09751343216311278,0.0,4.8500000000000005,20.68469895958123,213,1167520908,open
0.11542341006846796,0.1145583884951823,0.0,6.7700000000000005,33.20693937097398,214,1878049983,open
0.10773736122224566,0.10332568748804365,0.0,1.1300000000000001,28.552776853703712,215,421544350,open
0.09904502673237224,0.09681314866597215,0.0,1.43,24.306227518142418,216,1627847105,open
0.10132229302372704,0.09892449487620328,0.0,11.99,25.425441970428015,217,2139196915,open
0.07671272409423019,0.07053632963746703,0.0,1.54,14.257370975277665,218,165636437,open
0.11623720269188695,0.10154326276579448,0.0,,32.177691685831256,219,522301232,open
0.1329398536478928,0.10078457995548477,0.0,7.12,40.42477515424807,220,315160799,open
0.10772043442455635,0.09287500885905695,0.0,2.18,27.520267620515245,221,551618685,open
0.09228948940706623,0.0820711282482514,0.0,1.8,20.40253475600446,222,668021669,open
0.08427316702667399,0.07579177454654926,0.0,1.9100000000000001,17.076129905868854,223,157174483,open
0.10880196203401578,0.10025660317466356,0.0,5.51,28.701427124963782,224,1927968620,open
0.16403833675070362,0.17662524129658982,0.0,6.0,69.41538977941373,225,553627981,open
0.13130433204552333,0.10691372867461978,0.0,13.18,40.19692791739711,226,1978220499,open
0.09234870647311015,0.07503631718550598,0.0,1.76,19.871791622895167,227,1638806043,open
0.12604457297039118,0.12014022743289131,0.0,7.74,38.991305874389944,228,370438202,open
0.08308546308260378,0.07065694924034993,0.0,1.31,16.302590589278108,229,1498715030,open
0.0892585350909206,0.07534963270117008,0.0,3.58,18.772955747254848,230,1661094691,open
0.09439997828295071,0.08422081786248485,0.0,6.43,21.36928488035608,231,276323618,open
0.09109110387216147,0.06257269299988011,0.0,1.9100000000000001,18.552849363926438,232,278558772,open
0.08112559227667787,0.0763669163273703,0.0,1.06,16.078676399159363,233,807966029,open
0.12134103118998306,0.10854183341563423,0.0,3.63,35.33795650111052,234,147561691,open
0.12215298370243942,0.13762341946083675,0.0,6.2700000000000005,39.31280564686357,235,903921811,open
0.14660072047911227,0.12696667185702173,0.0,2.32,51.043810371213866,236,1030423610,open
0.17049059134261624,0.1588982800096558,0.0,,70.75841516772331,237,1428042794,open
0.15199379588293652,0.14193862129961143,0.0,17.72,56.27751408202475,238,1228562627,open
0.12360223483093222,0.11463014627660893,0.0,2.37,37.12506012810028,239,979099992,open
0.09162675737496281,0.08878897698443954,0.0,4.2,20.7326665510723,240,473084439,open
0.22351872507533618,0.19866367253067455,0.0,1.68,119.65486831029473,241,1259538515,open
0.12459909292030025,0.12464387548022943,0.0,4.53,38.81791576048865,242,977387364,open
0.1117835736220772,0.07826233276219598,0.0,3.75,28.053631028135072,243,1803208954,open
0.12748312133494227,0.11451639674113512,0.0,8.47,39.06089501188583,244,1500402902,open
0.08747022653406646,0.07555956560813233,0.0,1.8,18.156705037286642,245,1560090197,open
0.11867816807514849,0.11575621578881463,0.0,7.03,34.8687659022197,246,1227749366,open
0.11060625046114123,0.10811091624764833,0.0,1.36,30.311470388098453,247,783847129,open
0.12204629615330422,0.11964896548436962,0.0,5.04,36.948534280219974,248,604858908,open
0.12827573400915804,0.09218116790659879,0.0,5.8100000000000005,37.1580117294889,249,962923741,open
0.10972165407402973,0.08767389966604913,0.0,,27.921039086808268,250,1228041591,open
0.10256108859776401,0.07919656737742821,0.0,9.01,24.173601930900563,251,789628812,open
0.11789760834221842,0.11670971103476394,0.0,3.0100000000000002,34.61027043053925,252,314200226,open
0.13639677323236382,0.13187602021870617,0.0,2.94,45.903801850764026,253,235653396,open
0.09482817463670952,0.0851724716136569,0.0,5.13,21.611940370250103,254,94297566,open
0.09371313484837424,0.07787746538649529,0.0,5.23,20.59675309373156,255,436457892,open
0.10185668772194505,0.07663954124482844,0.0,1.42,23.686379308480586,256,875376231,open
0.08634164255158573,0.07114392830415345,0.0,8.2,17.440487744284873,257,609469793,open
0.14159760386337691,0.12652161023217912,0.0,16.84,48.10362176757126,258,380032711,open
0.15602699229577474,0.12881440952981893,0.0,8.59,56.98542070098952,259,674597403,open
0.16023958206099856,0.1431956359832213,0.0,,61.60594240048658,260,1534286745,open
0.1453835078624697,0.1191855883265791,0.0,,49.37533094916999,261,672265157,open
0.1271537841520301,0.1134807779271117,0.0,1.32,38.77511312783328,262,1973341573,open
0.14357763540178203,0.12121359551534369,0.0,15.530000000000001,48.57544264401291,263,1238453209,open
0.14637323175444844,0.12427203320184002,0.0,,50.57201506654253,264,296103689,open
0.1647364359844155,0.0953948349821488,0.0,14.73,58.82627395233048,265,2086688332,open
0.1409339495379665,0.1292472860279827,0.0,12.61,48.0771867375398,266,1893137120,open
0.15452304780418696,0.10347828956247965,0.0,9.64,53.108622810778265,267,1663578561,open
0.10939877061776081,0.08817496356263411,0.0,4.7,27.823594124990855,268,338352656,open
0.14698409487332775,0.11368435741543084,0.0,,49.670714851942655,269,1698947216,open
0.14801628786738938,0.10258278798901573,0.0,4.0,49.07925714388345,270,1504215022,open
0.08591439757345593,0.09217680673005285,0.0,2.18,19.010849270294496,271,1630516688,open
0.08850457397638666,0.07507016768661469,0.0,6.78,18.483884267731586,272,1530715806,open
0.09785446797405335,0.07778865784229283,0.0,1.53,22.176531449422733,273,1282021388,open
0.15115188781551675,0.14159490402826944,0.0,,55.71834480377651,274,733348245,open
0.16655540858954826,0.13465529714323266,0.0,,64.54743278522892,275,1970729115,open
0.12069964070431913,0.11067586661750907,0.0,4.0200000000000005,35.26138025807178,276,2105841876,open
0.11343292953599336,0.09406562742639325,0.0,1.55,30.158230137795744,277,1480969480,open
0.11138125155487713,0.09554077311945994,0.0,7.57,29.375586059993726,278,769121899,open
0.10248922592639072,0.0934612871975315,0.0,1.95,25.375588964291214,279,1074507252,open
0.1075288206835691,0.0843722681597858,0.0,4.5,26.684234372411762,280,1204611539,open
0.1531196048402332,0.12606450317358864,0.0,,54.837356253060165,281,165536217,open
0.13119843502428719,0.09927483864771201,0.0,3.99,39.35380549990876,282,190702503,open
0.08916951435425087,0.08844790754288755,0.0,10.52,19.81392075470358,283,1048936727,open
0.10390762815945172,0.10574482894190067,0.0,1.58,27.184574803421658,284,1206594657,open
0.12661481202743385,0.10779185004071842,0.0,12.81,37.87216271708522,285,457051081,open
0.07724553315319324,0.07610566699466201,0.0,10.06,14.829781058593348,286,566369425,open
0.08071554379557487,0.09974940598319491,0.0,2.7800000000000002,18.004970017430832,287,284963128,open
0.10836204086686216,0.10033037301858123,0.0,1.26,28.517755676686818,288,1968020128,open
0.1329638077112211,0.13069872629313373,0.0,1.28,43.89982684945693,289,1086766144,open
0.11693301718894338,0.09969165498558799,0.0,1.52,32.31587405470226,290,589548883,open
0.1650646069714586,0.15075004607106324,0.0,,65.85543714449796,291,1685957827,open
0.11525925457225304,0.12703574901067868,0.0,12.0,34.63843229245496,292,2059438500,open
0.1595768039126974,0.15450107755134415,0.0,,62.86480417624614,293,633521511,open
0.11378927909596177,0.09916069726846588,0.0,4.9,30.812422015741518,294,1928943038,open
0.11773202657367546,0.11827773136951804,0.0,1.52,34.71647103124918,295,1650924782,open
0.08263758742973218,0.07261724604444968,0.0,7.82,16.294573923953294,296,1705007969,open
0.08045456151130806,0.07856963972236765,0.0,3.89,16.032467079005038,297,1128780804,open
0.12767143990082241,0.09558052453679625,0.0,,37.16781146806308,298,1955615034,open
0.10478925712254633,0.09931159048281141,0.0,7.930000000000001,26.892972818703054,299,320078192,open
0.13105104642182025,0.09035796604058155,0.0,5.94,38.43103455000363,300,188691141,open
0.09765947961334377,0.09254223188280207,0.0,6.01,23.356780257623374,301,2072252450,open
0.08900299954559802,0.07597470583139894,0.0,11.040000000000001,18.729145819311267,302,1052518143,open
0.1172519929133084,0.10793228511513253,0.0,12.290000000000001,33.32074876937213,303,862507222,open
0.06724838673975313,0.08148035881519769,0.0,3.17,12.364215474525468,304,1568052934,open
0.11348872202823483,0.09666946520838385,0.0,1.72,30.43187280704135,305,634010735,open
0.1074225968807308,0.08795463450055163,0.0,12.9,26.94723750626284,306,1368281522,open
0.10668708148991761,0.10393963616458633,0.0,4.55,28.16599069668593,307,1818915149,open
0.11306694143107272,0.09643969717207329,0.0,9.78,30.218574084475858,308,1725011968,open
0.10384423048231019,0.11245726384357885,0.0,8.49,27.890566504518414,309,267276528,open
0.09490370656360668,0.09800182449988387,0.0,3.97,22.815605841675335,310,2081164145,open
0.11900798836668885,0.07074591915932256,0.0,7.04,30.828295129020585,311,1575373518,open
0.09171475042103812,0.08598446096297936,0.0,2.85,20.519854653133628,312,1499600849,open
0.09759576880290578,0.09204920341043604,0.0,6.7700000000000005,23.286396100708373,313,403350562,open
0.11725800929740059,0.08920345714656813,0.0,3.73,31.47750987222837,314,1982125304,open
0.1258683124981593,0.10811773850620476,0.0,12.35,37.5303868721166,315,842869670,open
0.17691321466308882,0.14162612199477626,0.0,14.63,72.62555026049576,316,2021339224,open
0.12770252616690478,0.08657606691701011,0.0,6.93,36.363578060227354,317,498001196,open
0.12947991829374286,0.0769006853229562,0.0,13.200000000000001,36.48695618427878,318,200852165,open
0.11819208595607728,0.10058025257066991,0.0,2.0100000000000002,32.99693196888739,319,1806523357,open
0.09249879842095261,0.07518822822182548,0.0,4.6000000000000005,19.938690250208715,320,1253184815,open
0.10630208590898785,0.09931049564873692,0.0,13.22,27.53155421020259,321,837678721,open
0.12363567526717008,0.09326910471942237,0.0,10.59,34.921123345119476,322,2095257078,open
0.12311215386817317,0.11052376220304652,0.0,1.98,36.42095586587929,323,2093136876,open
0.10730943928965919,0.10407486113532612,0.0,,28.446419881490808,324,24261516,open
0.12651614395238317,0.09406737683230322,0.0,3.5500000000000003,36.437005053215586,325,1342738812,open
0.08402673635471973,0.08075712994088138,0.0,7.15,17.381841862995326,326,1734811718,open
0.09850196615506288,0.07223610356482459,0.0,8.72,22.014302001940287,327,1489543694,open
0.14461709691917682,0.10600513349450406,0.0,3.95,47.44675360625497,328,1290937011,open
0.16348870007300725,0.14872064327485,0.0,5.4,64.51602497116602,329,1119966670,open
0.1402547463531619,0.10672837048942423,0.0,2.58,45.03826028284346,330,1146072496,open
0.13261017705605882,0.11678147843859953,0.0,9.540000000000001,41.98987497083095,331,663504154,open
0.1254601538421494,0.11381465092339221,0.0,18.23,37.95738778659843,332,307063350,open
0.06397271743560073,0.06796872688893967,0.0,6.33,10.494891069642053,333,849450945,open
0.10483290577118334,0.09022136280487292,0.0,10.74,26.04982341804382,334,1495067183,open
0.07726880112330553,0.09046194499043775,0.0,3.91,16.032616999792367,335,2020640780,open
0.10115596327812164,0.08070294181768341,0.0,1.35,23.72154022246356,336,2067935518,open
0.14096959517165272,0.11141799391910095,0.0,18.17,45.95183821019772,337,432080582,open
0.15501393514799278,0.1259232012237656,0.0,12.21,55.986966483352845,338,64137831,open
0.1056958204711119,0.08197973307201473,0.0,6.47,25.703551247402455,339,2122183930,open
0.14197936812964948,0.10418556091526893,0.0,7.28,45.74359750060366,340,1442012284,open
0.10499074308536975,0.09454071444084299,0.0,15.17,26.51508561072873,341,1628449437,open
0.1053212067591873,0.09166641507953034,0.0,5.37,26.386479013189415,342,1748303496,open
0.10658584110916747,0.09081582558779373,0.0,4.57,26.84484013849373,343,772636540,open
0.10332593623981531,0.0938657816456766,0.0,2.13,25.7578906816457,344,1860011158,open
0.08460680008721469,0.08565684047590935,0.0,4.7700000000000005,17.985168402153498,345,1377639942,open
0.1049531323400165,0.08950610127771155,0.0,8.32,26.035991058930048,346,1382013629,open
0.10047511909451282,0.09453160434908664,0.0,5.51,24.6586112245192,347,818151625,open
0.1313719260195575,0.12938280159415202,0.0,6.29,42.88712056635195,348,737848675,open
0.0942226278359573,0.0934823328453688,0.0,18.05,22.125280469732797,349,819249834,open
0.10141553574955738,0.10976036771716448,0.0,3.2,26.593890943443075,350,1532920728,open
0.10710102875758329,0.1052385745901752,0.0,6.61,28.478839512751293,351,1081908596,open
0.07206742756459322,0.09441284096681292,0.0,6.32,14.844320501268129,352,44637742,open
0.15880861121389003,0.14022719685533622,0.0,3.97,60.27218336032146,353,35911985,open
0.11911472451705472,0.11452733542442504,0.0,13.22,34.93489047325701,354,413584591,open
0.15136341592792452,0.12525644121526255,0.0,1.6300000000000001,53.66635539569599,355,1059936853,open
0.1367939564173417,0.11659126604297419,0.0,3.95,44.221934683370975,356,1288212765,open
0.11951460282110435,0.10896537771286438,0.0,3.34,34.50420734502624,357,2086491704,open
0.1331838369974273,0.1006985098243539,0.0,7.1000000000000005,40.54596381513733,358,1673357023,open
0.07585767481653176,0.08802890081649033,0.0,5.5200000000000005,15.383317346621123,359,613031910,open
0.10566409197726861,0.11428910711421578,0.0,3.35,28.860800669243726,360,1103625893,open
0.12022975363035064,0.1037707030202555,0.0,5.8,34.29456671868863,361,1606785831,open
0.14173195359052862,0.11663556208605148,0.0,8.63,46.97782050874003,362,1900341540,open
0.09120432551824265,0.07901679736064685,0.0,2.16,19.758285119041886,363,950881900,open
0.12081741371522324,0.09996313968669299,0.0,,34.19000956168148,364,1537965659,open
0.07414163111868492,0.07860025159398985,0.0,2.39,14.082962705197598,365,449427616,open
0.10735907350919438,0.11009654591949079,0.0,1.81,29.11256604120649,366,987392609,open
0.13648241234590497,0.0865571377778184,0.0,2.71,41.000966809659346,367,1943478221,open
0.10904039247264215,0.09488122026089636,0.0,6.36,28.280837360274038,368,820331814,open
0.1200564211334625,0.09882717090769226,0.0,10.32,33.71049336555973,369,36136318,open
0.07718002024136913,0.07988409371235076,0.0,1.77,15.104245263038115,370,1694285286,open
0.09978527007128173,0.10070661772788492,0.0,1.45,24.985111673492394,371,651780456,open
0.0836975105196095,0.0800221669545584,0.0,1.83,17.21232013641189,372,942436986,open
0.11775485319688007,0.09324631404224824,0.0,10.69,32.0798484440704,373,2145391745,open
0.09424149438686241,0.0839165888958567,0.0,2.89,21.283915474496148,374,831468035,open
0.1848516304800335,0.16891962397084717,0.0,,82.6071702634798,375,562955957,open
0.1580203935405925,0.10816928473766126,0.0,,55.791186629776014,376,501503264,open
0.0767421754878117,0.0948307026459398,0.0,5.72,16.275154079365514,377,1823309226,open
0.1485438791071938,0.11602336511322726,0.0,6.15,50.861278666523845,378,460756401,open
0.11040693916352218,0.08751904328211633,0.0,2.0,28.209175899423844,379,1300694656,open
0.1136769829339838,0.1056653835518321,0.0,2.07,31.427499538524415,380,509419726,open
0.09468977858427292,0.095371690152522,0.0,6.38,22.48018797795161,381,1730948500,open
0.09328438504108952,0.08849004566952645,0.0,7.86,21.319197076285974,382,1541604192,open
0.1477937879228477,0.1362042203057116,0.0,1.61,52.96180231171077,383,1353597071,open
0.10113614611224492,0.09495268901105204,0.0,8.06,24.965046676089468,384,913638093,open
0.14399278178115976,0.11994832643917752,0.0,1.74,48.66164291793307,385,778885569,open
0.15231667327357065,0.1459002711675854,0.0,,57.04418247764283,386,2039351131,open
0.10616788196159811,0.0752088448822494,0.0,4.76,25.37142349468477,387,1633781473,open
0.09585592190977035,0.0912506449136627,0.0,1.3800000000000001,22.540055628923696,388,841543142,open
0.1640648978028137,0.1438642411015159,0.0,,64.18304131595302,389,56875135,open
0.0820815386753907,0.09328841890497315,0.0,10.56,17.826122533534196,390,276375653,open
0.13059201294233788,0.09688771671734463,0.0,,38.802162514013716,391,959523507,open
0.15224593298141098,0.1383890442592172,0.0,12.35,55.93341200425046,392,988385048,open
0.06705212492020463,0.05871556891624258,0.0,2.37,10.71573392920849,393,798551607,open
0.1457944905419445,0.12218425670993005,0.0,,49.976563238649284,394,2113416189,open
0.1212692878047166,0.07970172759411345,0.0,,32.58866302006951,395,1024508625,open
0.12959468594771176,0.11094709688236112,0.0,1.95,39.74419440508404,396,1704432221,open
0.10091189481583045,0.08455420145879398,0.0,1.72,23.94112752280963,397,274063336,open
0.14816297809622472,0.12549353314039624,0.0,,51.77884958671446,398,804654306,open
0.11717854813145526,0.11741646430726553,0.0,4.17,34.354937329601206,399,477829855,open
0.12870164680005616,0.10431614873661763,0.0,1.82,38.56915722171293,400,307196009,open
0.08863371896612272,0.07963451333607262,0.0,1.1,18.882700132667793,401,1206996598,open
0.10717058770298715,0.07820041512573772,0.0,2.1,26.02872220012623,402,303147847,open
0.10214524010244087,0.08529307252436728,0.0,1.92,24.504754261494135,403,832727834,open
0.11596763061946229,0.11392511879349577,0.0,3.97,33.386449049040166,404,1473099079,open
0.15712907760440972,0.13565242024898413,0.0,5.64,58.57988361732881,405,1700068755,open
0.11635232068179785,0.10603798079390218,0.0,12.870000000000001,32.6977517415038,406,1202395819,open
0.08031446660475655,0.09190176138441851,0.0,10.620000000000001,17.123793964792423,407,1299520929,open
0.16204637385314596,0.14451969092876832,0.0,2.79,62.961025090980485,408,632392033,open
0.1569446900045153,0.09651723927849712,0.0,2.97,53.92106018019818,409,1849556121,open
0.11345493905343461,0.08532521997256784,0.0,1.55,29.38424297292073,410,396528494,open
0.10800437503671151,0.09298588981175428,0.0,1.75,27.65307790618314,411,1572732921,open
0.0890492968534744,0.08146938337696498,0.0,4.2,19.178184754107892,412,191129006,open
0.12782139997631167,0.09881010229203643,0.0,2.41,37.55833874128984,413,1292406012,open
0.11040594268303615,0.08147631543215805,0.0,2.96,27.698139347660025,414,539334953,open
0.07470762643923641,0.08067343462696525,0.0,6.04,14.416560423624553,415,617649802,open
0.13205007150258385,0.10445078160225171,0.0,,40.32942565633571,416,739917300,open
0.1165935836849299,0.1070580805156628,0.0,13.67,32.91884381483857,417,1680965304,open
0.13775868655588325,0.13507592269813984,0.0,8.870000000000001,47.077663889581046,418,1696340460,open
0.10034595795547228,0.08297614602685911,0.0,6.46,23.58114296073813,419,539593014,open
0.13112121565081647,0.1284381429470784,0.0,,42.633724669342875,420,1156777699,open
0.10087155065734836,0.09788683439564937,0.0,1.75,25.14105563803665,421,161514632,open
0.11023843019651117,0.09952345861186324,0.0,8.67,29.257482391415724,422,1912313462,open
0.1066398987079179,0.08874445497113158,0.0,,26.681925136931525,423,2067735936,open
0.10525352238878241,0.09432348586384239,0.0,8.26,26.605067943245135,424,779286780,open
0.12412267181657334,0.1389976731146444,0.0,18.95,40.47305188341241,425,1159665231,open
0.10111586084958696,0.09745914424760382,0.0,8.53,25.197977029443692,426,1153913024,open
0.1036262061295528,0.093865108923003,0.0,4.91,25.882110530172756,427,1661925348,open
0.07884679013047403,0.07610252567876315,0.0,4.39,15.329429835101429,428,149671269,open
0.14517524659990738,0.13898033109895272,0.0,14.65,51.809470666875086,429,1136497324,open
0.16044540146407227,0.09899225915683273,0.0,4.66,56.38518738842137,430,1811340426,open
0.12294068833129035,0.1042770309711755,0.0,6.78,35.66567528882466,431,1313357469,open
0.12635443364074764,0.10535754557162713,0.0,10.040000000000001,37.480992005786945,432,1194503058,open
0.10410985338083943,0.09114846947212601,0.0,6.28,25.83174488551535,433,72783053,open
0.16027429671582236,0.10829276127660768,0.0,3.33,57.239361447959205,434,1984529058,open
0.10776274852222788,0.11056878722537769,0.0,8.48,29.3383482923753,435,401136371,open
0.14670615390616157,0.14064649578541158,0.0,11.870000000000001,52.93610957623469,436,752438145,open
0.15764867892084863,0.1423855831438734,0.0,17.78,59.843039074587985,437,1448884443,open
0.10608270154129738,0.07610919750370279,0.0,6.22,25.40338410492877,438,990781666,open
0.1302644759495637,0.14119262474580552,0.0,,43.905346030133806,439,1225278143,open
0.08019232834868378,0.08032526517565182,0.0,6.92,16.08769316473564,440,1265081798,open
0.1539987565675572,0.12760652511306889,0.0,3.2800000000000002,55.57294667442363,441,340494342,open
0.13065677660751032,0.12685886047289513,0.0,3.16,42.18897178717047,442,29548161,open
0.16041369615461973,0.10719256721215319,0.0,5.32,57.210231060739346,443,2044467286,open
0.0997954042672039,0.08320025789280214,0.0,5.97,23.37938688242374,444,1739252918,open
0.0989244191113748,0.0895553221613295,0.0,4.28,23.582159256755617,445,331471901,open
0.11180565038152414,0.0989171615529624,0.0,5.63,29.893309339318595,446,1439187977,open
0.09240514590598581,0.09432333051195402,0.0,5.57,21.525867319246718,447,1095867883,open
0.13079890755215196,0.08294930070253474,0.0,11.700000000000001,37.65700167719248,448,1584171481,open
0.10888990352976591,0.08024927861365597,0.0,17.54,26.93399554044962,449,309243818,open
0.1569607014648163,0.13309343786359165,0.0,1.78,58.130255209829116,450,1506132762,open
0.13085526838129702,0.12604637810257102,0.0,18.82,42.190047242670694,451,1540544050,open
0.10042378853514428,0.06627684493861168,0.0,2.84,22.366184695011132,452,2142906303,open
0.08411095462772651,0.08565831497607523,0.0,1.54,17.81797883904522,453,593377678,open
0.10197729202663927,0.10476613864417994,0.0,1.1300000000000001,26.286708081378713,454,924570838,open
0.11238949967201446,0.09807390588222348,0.0,6.01,30.0720447805491,455,288050517,open
0.11847010625265683,0.09288270391164115,0.0,5.22,32.3839304940004,456,32445394,open
0.10221656448948874,0.09523833190085287,0.0,6.19,25.431622043696102,457,98756718,open
0.15024911424183338,0.12204347705093962,0.0,,52.59689780625256,458,963924399,open
0.12810800755872684,0.07567394124533838,0.0,8.15,35.686595893135035,459,375456458,open
0.08262671153906577,0.08429388835114675,0.0,7.23,17.207076726197748,460,1594477550,open
0.14792292293436918,0.12235065957034029,0.0,13.86,51.247224207543454,461,411884607,open
0.09288083260247376,0.09971342248017064,0.0,1.6,22.22508144121198,462,1344237390,open
0.09405038369011721,0.0909677849183712,0.0,2.2800000000000002,21.828518290994094,463,1153138759,open
0.10210234860419794,0.08207422187333396,0.0,2.08,24.217868129042948,464,709512151,open
0.10042905544688556,0.08401028672160868,0.0,1.55,23.700854493430715,465,968598632,open
0.09750157934236879,0.082082896614717,0.0,5.07,22.38191690684367,466,2145242273,open
0.11722226681278024,0.09793666420569043,0.0,9.25,32.27791477132239,467,2055773998,open
0.10444038784284924,0.09584307089078968,0.0,9.21,26.408536344418057,468,594656517,open
0.1285740726545476,0.10568973151758818,0.0,4.97,38.64774399208369,469,2049024392,open
0.13787718675471225,0.11674626388068204,0.0,17.490000000000002,44.83508231983649,470,467962142,open
0.10089432684934176,0.09396963266453866,0.0,4.98,24.774476312317724,471,1710569746,open
0.09671292614496438,0.09162920156417591,0.0,10.13,22.90473545668687,472,741180574,open
0.1339468915972744,0.13085279292047752,0.0,3.84,44.44476624468866,473,1442223461,open
0.08197681743893206,0.06713823776783645,0.0,2.2,15.694168680117249,474,1397714166,open
0.11457007024281539,0.07930329125604041,0.0,11.540000000000001,29.39710799290754,475,1814673270,open
0.11842513438473096,0.09114365490480726,0.0,9.450000000000001,32.202607822786526,476,818848015,open
0.11341628800112238,0.1196019861519159,0.0,10.65,32.87882631364861,477,2015954200,open
0.05991484921503705,0.06251809682044038,0.0,1.6300000000000001,9.13383452794623,478,1888650551,open
0.12031508315453808,0.12446336296643218,0.0,,36.69700282942384,479,48571202,open
0.13144721810321086,0.09768619684144303,0.0,6.96,39.328038820818705,480,213866940,open
0.11757355140481185,0.09327024968324464,0.0,8.35,31.99674971786731,481,253629043,open
0.10249976972919672,0.0986084476360862,0.0,3.52,25.87421856167608,482,1387624209,open
0.10926694563439093,0.1035741513558941,0.0,16.06,29.242333231084707,483,773660800,open
0.12152729617821703,0.11509478150421525,0.0,1.67,36.16117179752763,484,329690261,open
0.12129160792543839,0.0971475767732254,0.0,7.01,34.14213414273127,485,200976236,open
0.08676876046589423,0.09627744299759709,0.0,12.73,19.692308600653238,486,1965933238,open
0.1802393240754111,0.173709321434585,0.0,,80.05989206295418,487,1287469001,open
0.10281149954947977,0.10803564282488015,0.0,7.04,26.976258939517937,488,72153635,open
0.10940984841002242,0.10457630527711333,0.0,15.620000000000001,29.40913167091415,489,559127909,open
0.11210234822207707,0.09122222887254085,0.0,12.530000000000001,29.294620474044805,490,1410546624,open
0.10711853869660812,0.08961474363708956,0.0,14.64,26.96416380356416,491,567665245,open
0.13133273128062506,0.10799324468196543,0.0,4.12,40.32784305972712,492,1640768008,open
0.1470770846686817,0.11139378677837074,0.0,6.65,49.46762553568971,493,619179640,open
0.12961246702021903,0.09535002826099,0.0,5.83,38.144597158820574,494,1357402592,open
0.10233291413792105,0.09989758212359687,0.0,1.56,25.933814088988626,495,209842776,open
0.08181269276038519,0.06147225870806206,0.0,3.0500000000000003,15.2760526887458,496,1740523355,open
0.11156644682064232,0.07485891790330747,0.0,,27.69607290719346,497,1591166096,open
0.09811506008713372,0.07518683056532899,0.0,2.54,22.079659777033466,498,1158266106,open
0.11680507768195866,0.10894765706730672,0.0,4.0600000000000005,33.22164833480453,499,1397308401,open
0.10359257142958234,0.10482167419269749,0.0,18.38,26.956633401066238,500,136635602,open
0.11091360143137685,0.10593546781615888,0.0,11.92,30.214815635670885,501,1302466206,open
0.11199057172676456,0.10690528050039551,0.0,2.1,30.798145810809302,502,979945835,open
0.09808873604043508,0.08436422511279132,0.0,17.16,22.80146151546115,503,73112330,open
0.07495149469062848,0.07893589369372803,0.0,1.46,14.350890769332427,504,61402767,open
0.07903287502147842,0.0830245851969642,0.0,8.67,15.938931541885225,505,922267227,open
0.08707394442286572,0.08505417830897906,0.0,4.8100000000000005,18.780850218620447,506,1549668104,open
0.13639617529874243,0.12577759080547707,0.0,4.89,45.11783444666557,507,1471463503,open
0.07092977240782285,0.07406565501648558,0.0,1.23,12.804925854161592,508,375950002,open
0.1089656868910648,0.08819390252719857,0.0,13.59,27.636124060771614,509,335751873,open
0.08935479342980016,0.09656856037775072,0.0,1.62,20.63130164448016,510,536934026,open
0.13883971876681173,0.1392178040009307,0.0,11.44,48.243733489915456,511,828193914,open
0.12187669854048223,0.1034688595306984,0.0,5.11,35.06076174054691,512,295248192,open
0.1524907525063875,0.11286941121232119,0.0,4.96,52.87661119363662,513,42593502,open
0.11245242075157577,0.08404298759929792,0.0,16.080000000000002,28.822705748086644,514,779146914,open
0.08783110668860233,0.0847444813758088,0.0,1.85,19.019420166116717,515,175788709,open
0.09744793879814376,0.08320876960961857,0.0,9.94,22.454051221986834,516,425322517,open
0.10911898802191616,0.1073197691483465,0.0,12.64,29.572673518881388,517,464830523,open
0.11314523844733454,0.10397003899440366,0.0,2.11,31.008574470857273,518,822042043,open
0.13950966358058547,0.11925042682393856,0.0,14.5,46.0362246135819,519,890454440,open
0.14733137512201283,0.12516418848123453,0.0,,51.24610522976957,520,111991465,open
0.1330847075133971,0.08263168185691042,0.0,11.02,38.83707617110367,521,994800402,open
0.12939527864623704,0.1161640243423236,0.0,13.33,40.23331654757658,522,1949110553,open
0.10289424892304966,0.09701533052500319,0.0,2.84,25.88044010131481,523,1899495524,open
0.11518050296539642,0.10211058714258692,0.0,4.3,31.746382530025265,524,299991056,open
0.1762103254473859,0.14675621634870237,0.0,,72.86885110704095,525,680018826,open
0.15510030771334282,0.14561046714179146,0.0,6.15,58.713414976172594,526,1408593840,open
0.07226120908451802,0.08452434269116063,0.0,4.66,14.015546930399234,527,46093322,open
0.14917564070606185,0.10054144169216588,0.0,7.18,49.56103430889779,528,1232273334,open
0.09998316967024706,0.07398320216372159,0.0,1.97,22.730025535817866,529,1774301125,open
0.11672660774813322,0.11609774783694773,0.0,17.240000000000002,33.98954543917885,530,1690758954,open
0.136170878746415,0.08094169184386248,0.0,10.55,40.36079517641516,531,132815281,open
0.10005120980157244,0.08767574265038859,0.0,14.48,23.8640070901651,532,588717294,open
0.10962540065719406,0.09806674781243915,0.0,8.52,28.84400045175492,533,199698783,open
0.1526182490775651,0.14795789536465986,0.0,12.200000000000001,57.53042930337307,534,1078676409,open
0.13543549678561417,0.11832405666164914,0.0,17.86,43.68583877156672,535,2068416985,open
0.12519819328402304,0.11562460208831148,0.0,3.11,38.03369950720736,536,1715120698,open
0.09455951403294871,0.06719029072070676,0.0,4.68,20.140270971861366,537,1617839915,open
0.10635922151296077,0.08161838383391601,0.0,6.7,25.95534829151634,538,1617169370,open
0.1490162695463682,0.15590632786394196,0.0,,56.5650887130412,539,725536375,open
0.13541888714238776,0.11651632934395686,0.0,8.24,43.46457749166025,540,2099399683,open
0.11282466723599154,0.11564563357080786,0.0,5.93,32.145767355821235,541,283851900,open
0.10544718277317737,0.08162004357508018,0.0,9.3,25.56913246619879,542,293089926,open
0.09269370418007991,0.0778362668661036,0.0,2.4,20.213487809074064,543,830497581,open
0.1035496557771791,0.09433654535190951,0.0,1.58,25.89475431761098,544,990144555,open
0.16055346728967967,0.12410625800333933,0.0,5.76,59.25601335527213,545,728415485,open
0.15995542940215107,0.1272143957889842,0.0,9.06,59.26323003843119,546,1010113428,open
0.11444460618698146,0.10095965638924015,0.0,1.99,31.291561879703288,547,1877848180,open
0.15175004325666766,0.13635351658077532,0.0,,55.352291998772806,548,998846401,open
0.10188802469793809,0.1012873898846336,0.0,12.51,25.891906828516248,549,899265256,open
0.0962657257735064,0.07085090786792879,0.0,9.370000000000001,21.04410549025473,550,1368419478,open
0.1065375215415194,0.10425322344408577,0.0,6.9,28.134854291660638,551,176190308,open
0.1117206778321533,0.09983839260101733,0.0,,29.946872029129032,552,1917252366,open
0.12107778410776657,0.08235898860477157,0.0,2.2600000000000002,32.711161110894324,553,1990299015,open
0.13450964095821277,0.11096003120380604,0.0,14.57,42.34175128378945,554,44658419,open
0.09250015269218628,0.09051780152102455,0.0,5.69,21.209292692255353,555,1336407771,open
0.1056743832536569,0.09246769832507577,0.0,4.5600000000000005,26.609288168850174,556,2137280125,open
0.12930696424849294,0.12822175325538687,0.0,17.81,41.66099101026472,557,250632508,open
0.06674169607880777,0.08389131327523183,0.0,3.54,12.427784212473426,558,325674637,open
0.16249686598922952,0.1071616195368546,0.0,,58.55226926352396,559,243039657,open
0.10639432292747755,0.09441170930276889,0.0,8.84,27.096289329128005,560,1975247257,open
0.13312597648886285,0.11943889265347249,0.0,,42.577875771370344,561,1000584015,open
0.14975093279362148,0.13151887951974967,0.0,,53.499291580184604,562,2055615268,open
0.09322339276239137,0.07918657794797826,0.0,3.27,20.516458979817788,563,197759547,open
0.08598631750305351,0.08426340123197837,0.0,3.83,18.337453989062574,564,1475652491,open
0.15529401071078555,0.09290803978011226,0.0,3.41,52.548411453174644,565,1356677501,open
0.11728653654521923,0.09217607667683637,0.0,1.6300000000000001,31.760477865313124,566,1153490136,open
0.08354162976586312,0.08508251742330268,0.0,1.57,17.577925193416352,567,1323674111,open
0.12960384878159797,0.0927032047575011,0.0,9.23,37.89125732416221,568,271754097,open
0.10156395418163047,0.08549370742370374,0.0,3.02,24.285060582541604,569,68894171,open
0.14822939317532288,0.11323017098062839,0.0,4.16,50.35444181240021,570,1326562645,open
0.16026557974128852,0.12307326972141289,0.0,5.3100000000000005,58.94362695958238,571,1733927218,open
0.11987771227614791,0.10255298539218559,0.0,12.620000000000001,33.99988920755068,572,1931198654,open
0.1106402552311371,0.09224411112657055,0.0,12.120000000000001,28.737020173987844,573,1689628882,open
0.11147494217166513,0.09934418742826218,0.0,4.88,29.78795925224297,574,990275986,open
0.12076300829659806,0.10987594681302838,0.0,1.08,35.20377018971814,575,1965609538,open
0.12781769570112783,0.09559620352650247,0.0,5.16,37.24404373303245,576,71262769,open
0.09933264163851306,0.10101507177028952,0.0,4.57,24.835969752148873,577,1439472562,open
0.09170166752839806,0.08781893191378974,0.0,1.87,20.674474056217175,578,1102384329,open
0.21840463064512514,0.17691516109384497,0.0,,111.05065248689769,579,1487910313,open
0.08385024975777847,0.0799888377055996,0.0,6.6000000000000005,17.26083584763006,580,1866784310,open
0.09689289001590642,0.08001851878193308,0.0,4.28,21.977945945296344,581,351632524,open
0.12819072415003877,0.10967317828488994,0.0,8.41,38.87982653377727,582,1673370907,open
0.07607033349654437,0.06866781976809261,0.0,2.15,13.931026012402587,583,51300836,open
0.14353725506728832,0.11598332312226686,0.0,3.98,47.93195280574566,584,987363757,open
0.1304321484452582,0.12403702731014983,0.0,11.28,41.71768276806111,585,140795797,open
0.08427596301901968,0.08861016563613523,0.0,14.99,18.130756612598045,586,526276059,open
0.13358376573089245,0.13413565234205968,0.0,13.99,44.685431548306845,587,2071164956,open
0.10591778152965645,0.11591643079623362,0.0,6.53,29.155462352597105,588,874212530,open
0.10371450831270662,0.10235723079067702,0.0,2.5,26.751899816660927,589,1386676072,open
0.21000833553847156,0.17840411236941597,0.0,,104.12101564643793,590,2047763134,open
0.11507084939086346,0.10827750105034122,0.0,3.15,32.344609375922914,591,2033466581,open
0.1158277901767177,0.09600405484653385,0.0,3.94,31.440543227931606,592,192367915,open
0.0927423688645578,0.07059700052389328,0.0,1.46,19.694262206704668,593,750297197,open
0.09807062702542203,0.08417711653047899,0.0,2.4,22.778589244011787,594,2135308158,open
0.14757248674521486,0.12728011384691354,0.0,10.69,51.655391378774816,595,1621825985,open
0.14669359893110687,0.1326398680531061,0.0,14.98,51.83469123329354,596,903222332,open
0.11518869336484334,0.0946025773896291,0.0,8.59,31.011693982580255,597,140443208,open
0.10084020969652521,0.0912099436997636,0.0,5.83,24.49712269813538,598,1391732225,open
0.08749003696704093,0.08916473879522531,0.0,2.47,19.284188459198784,599,356922874,open
0.12537544600653094,0.1100319398367671,0.0,12.780000000000001,37.491518814794155,600,1946937895,open
0.10427078551272587,0.09445200987328686,0.0,2.86,26.205384507433532,601,595139304,open
0.14158721152656326,0.09898581605711872,0.0,,44.99297282598244,602,959027931,open
0.10160345638057189,0.0907649681296811,0.0,1.9000000000000001,24.765664416748542,603,1181799445,open
0.10235191859605294,0.09642057577606866,0.0,1.3800000000000001,25.600294197080345,604,1053221177,open
0.08507609998360531,0.07813900782630138,0.0,3.58,17.528737848880244,605,1197026454,open
0.08454910395636853,0.08482388695469614,0.0,12.56,17.894647858701106,606,1730212689,open
0.1503804607704978,0.12935362424752136,0.0,18.650000000000002,53.594746016078844,607,1071565246,open
0.14054867811777497,0.1156076660463141,0.0,6.72,46.19042806564597,608,725208973,open
0.1034209824731128,0.08533702651801851,0.0,1.79,25.0330032788763,609,911528606,open
0.09161865081459569,0.08364310298006439,0.0,2.0300000000000002,20.28603869224042,610,1706959511,open
0.0993741857406071,0.09135180205209735,0.0,6.5,23.92303345230013,611,1236317416,open
0.0832801380954006,0.06241012110692812,0.0,4.01,15.81867441066867,612,995974784,open
0.12444614531543276,0.11715792454039461,0.0,17.22,37.836675809046,613,2075891686,open
0.08395612345877289,0.06993399934532198,0.0,6.28,16.542643464665183,614,545323053,open
0.09937796921172579,0.08328387570955383,0.0,1.16,23.22006350589563,615,983718365,open
0.10647212621999573,0.10758406525232699,0.0,,28.459792871721895,616,2058944137,open
0.10448334265684152,0.09769867531866255,0.0,3.7,26.60605336500467,617,1798456182,open
0.11300790607787407,0.11063514184584702,0.0,9.46,31.66164097783653,618,1235109825,open
0.10940678704575056,0.09572504595032046,0.0,1.98,28.521332314443843,619,119984130,open
0.09616855782170397,0.09320528945447372,0.0,4.16,22.840396018158913,620,1197087558,open
0.12300058535132062,0.09944893663549291,0.0,14.38,35.2033334925,621,828042329,open
0.11831575717159223,0.12177354648988818,0.0,4.43,35.41163510253672,622,2079648646,open
0.08609377087656941,0.09926552601779894,0.0,7.36,19.751097095289648,623,1203656946,open
0.08108788859850992,0.08499869493831164,0.0,4.05,16.76288042533681,624,1233736252,open
0.1258974700814833,0.08925035415227459,0.0,8.39,35.68315880398921,625,1332128248,open
0.09860927342979965,0.06922036845796274,0.0,1.42,21.84330731743402,626,876602163,open
0.15594053532091434,0.13937852887143967,0.0,4.23,58.34808826753014,627,536910296,open
0.10321445733969618,0.09235486393716671,0.0,5.5200000000000005,25.5711588542822,628,1098698824,open
0.12810657856740548,0.1358809142620915,0.0,1.77,42.05440237484455,629,857470921,open
0.12544577793893488,0.09920620134416497,0.0,13.69,36.39422159797851,630,1782511687,open
0.12276208547851239,0.12208000910293273,0.0,1.61,37.592823573353186,631,2033680260,open
0.14381738891175444,0.1212245338649402,0.0,13.15,48.71457651217559,632,1001290690,open
0.1485572923607305,0.1301604157801002,0.0,,52.609405145127404,633,1393396383,open
0.0973029618624456,0.08085420165575403,0.0,2.0100000000000002,22.20443373710373,634,417937508,open
0.11417681747880307,0.07059119972268373,0.0,8.03,28.564250038319685,635,1256205452,open
0.14273617464451624,0.13409073180166445,0.0,1.47,49.73739328185256,636,330043303,open
0.12053322797357531,0.09571865468168023,0.0,11.84,33.63754851849514,637,140227912,open
0.11348218780002721,0.10311083637374116,0.0,13.92,31.072336184607526,638,440212442,open
0.09366182942082588,0.1011793661726264,0.0,3.04,22.663708650458933,639,112047659,open
0.1361612794148622,0.1370712841417291,0.0,16.22,46.47405649191563,640,1855167620,open
0.12386231304592142,0.10350560687819714,0.0,11.57,36.04045051378364,641,453974709,open
0.11488451010272353,0.10849943913754247,0.0,1.05,32.28296546966622,642,1962408352,open
0.13814429480945706,0.1166912258162282,0.0,8.16,44.97611346805132,643,295972156,open
0.10470119197341264,0.09372902936201206,0.0,4.71,26.317244673879255,644,1441141444,open
0.14170744778517344,0.1099236389619659,0.0,6.54,46.20360471689563,645,2112586885,open
0.09454316829325654,0.09385277578131991,0.0,1.42,22.280993102783416,646,237785796,open
0.10239206729359707,0.1064321854354657,0.0,7.59,26.632175937597772,647,5899454,open
0.11333462456037181,0.1017725383482981,0.0,10.78,30.868299029408824,648,608903378,open
0.1638322162088873,0.14483774198929,0.0,15.66,64.17097588810931,649,785642996,open
0.10560625510860648,0.08249132511348957,0.0,1.79,25.70777159561786,650,1044612475,open
0.11148252412893525,0.07728469219417923,0.0,1.55,27.84316819609174,651,125461254,open
0.12539941331372584,0.11781839447467463,0.0,13.94,38.39061275714837,652,148438665,open
0.11354464967954732,0.12039389846594571,0.0,7.53,33.03212033561646,653,1374412207,open
0.10817170095351274,0.11240838298643177,0.0,1.2,29.720056057164523,654,192585677,open
0.08913577094798,0.08016713003514173,0.0,2.07,19.103755694017217,655,99929290,open
0.09510225032834839,0.07534962819749665,0.0,1.83,20.927659269782172,656,822436296,open
0.11318255972430923,0.08931941536835102,0.0,2.73,29.60956263236569,657,146908573,open
0.10719603017046227,0.08780015330952959,0.0,2.25,26.83641122920176,658,316039814,open
0.07628606528800838,0.061602573522888886,0.0,1.21,13.536566046574006,659,171675223,open
0.15058190295087787,0.1364106304204646,0.0,10.96,54.65374903846955,660,1041386924,open
0.12070717769191795,0.10695866569797215,0.0,6.17,34.86052357664178,661,583654124,open
0.11991671008114506,0.10391872457979481,0.0,1.76,34.15958537251641,662,1785329355,open
0.10757411152068977,0.09354996491888912,0.0,2.6,27.52017690709431,663,1237719525,open
0.16307663670142736,0.13144928298755965,0.0,1.6600000000000001,61.82743587467034,664,714953698,open
0.15198187017598175,0.10734372320232113,0.0,1.43,51.95831517984625,665,1729687734,open
0.12626041390192014,0.09579097890691803,0.0,4.33,36.47134005734121,666,428070322,open
0.07965376656015451,0.07816733580671824,0.0,2.43,15.744511247999318,667,573789558,open
0.09058735346618768,0.0900823673797491,0.0,3.16,20.469553672386088,668,299841500,open
0.11605976325478413,0.10100604187447389,0.0,5.62,32.040847541087075,669,608105213,open
0.12058068647680759,0.10424645781878226,0.0,2.72,34.51306588631793,670,879466562,open
0.08420586292981265,0.07597020882313223,0.0,1.26,17.066991017823984,671,1770561921,open
0.1008186297324799,0.09850243556466622,0.0,4.39,25.180157108355388,672,776273189,open
0.08493413981557962,0.07350795908636588,0.0,1.44,17.129326236946277,673,1601911947,open
0.12598207440237663,0.11493521355123336,0.0,9.03,38.34801779848571,674,1815100703,open
0.10341534214062724,0.07610265682245675,0.0,5.6000000000000005,24.285273167844334,675,272332597,open
0.10311413530705406,0.09629879211234664,0.0,1.53,25.901778481391396,676,1563888924,open
0.11738191598448415,0.11856955213959322,0.0,4.07,34.58639774766884,677,1731621150,open
0.15591264072863148,0.13196918376129688,0.0,2.07,57.32543580926225,678,756507617,open
0.12330839418859034,0.12236467838004716,0.0,7.99,37.89647741226379,679,1785098162,open
0.10209305765030716,0.08229893420680749,0.0,7.74,24.232542126566187,680,1731503165,open
0.15803531694701514,0.12913611151892102,0.0,13.15,58.28839045420068,681,381877961,open
0.11754103973678143,0.09819124435614701,0.0,1.84,32.45255227891153,682,347403740,open
0.10418837102645793,0.08480676114929467,0.0,4.3500000000000005,25.306526682610475,683,1346360574,open
0.1033835494811031,0.0946134510147028,0.0,,25.852169163079154,684,899385616,open
0.16080743081697432,0.14665743395689768,0.0,,62.472261079322884,685,422503710,open
0.07950254773780167,0.06781049986190602,0.0,13.72,14.940442139363627,686,2093711690,open
0.1148657327203239,0.13260760859260606,0.0,7.16,35.18066203507868,687,522896616,open
0.10363741673338088,0.09065887010925376,0.0,5.17,25.590943659080207,688,370001135,open
0.14026564022581106,0.11817996892467864,0.0,5.93,46.332152183432335,689,1060869281,open
0.09138150745373036,0.06549799123085036,0.0,2.04,18.846153236670578,690,783678266,open
0.11071919029187206,0.09668517352076116,0.0,5.54,29.191489587145366,691,1121458969,open
0.10558014207786837,0.10145838708059329,0.0,7.5,27.441234956863497,692,693910191,open
0.10829162011086729,0.10100766266752735,0.0,2.62,28.555423931251323,693,1028716640,open
0.0960770554104529,0.10902417066069575,0.0,4.26,24.40473604681277,694,997654866,open
0.08755571593058543,0.08680636765802827,0.0,10.13,19.099679517225134,695,1162091562,open
0.11618487718578582,0.07334360149993666,0.0,15.860000000000001,29.687493313843028,696,1953653717,open
0.10720949145288484,0.0900421533574462,0.0,1.53,27.041544805795336,697,457767656,open
0.12481427856221551,0.10696581752135303,0.0,4.83,36.87805132501833,698,895551462,open
0.12376729090629819,0.0916604706291877,0.0,5.7700000000000005,34.837505534550594,699,1671988608,open
0.10210122270931798,0.09067978852279691,0.0,6.46,24.960731380745116,700,1950787091,open
0.08032331010877226,0.07797248845685094,0.0,1.69,15.943522771736891,701,596674920,open
0.15328038888649348,0.11793377448886265,0.0,6.69,53.943942816984254,702,2038545503,open
0.0830211768725792,0.08512316458019893,0.0,1.79,17.408008192689977,703,1959972439,open
0.10677847588843539,0.07310217254037611,0.0,3.56,25.47524964117585,704,597513479,open
0.13056236533422563,0.11614075312071294,0.0,4.78,40.83739975105881,705,1106287589,open
0.10571680090800645,0.09039802425337382,0.0,9.51,26.437985382902937,706,1532711892,open
0.08281701991916408,0.07882739058104363,0.0,1.95,16.824196329490626,707,652156537,open
0.11257036862319184,0.1123318522704628,0.0,8.3,31.653398301179113,708,476745141,open
0.09911177435683553,0.08578615919235406,0.0,2.5300000000000002,23.32592018680854,709,374486578,open
0.11443426653591098,0.080470129889208,0.0,5.93,29.428123617416862,710,1001721881,open
0.1530330722900923,0.1469757245937227,0.0,,57.63917423901425,711,1041967574,open
0.10757722921330941,0.08632869956529567,0.0,10.74,26.872042674743344,712,1552961924,open
0.1229646251079565,0.11705312002375766,0.0,1.07,37.0913145095287,713,808092298,open
0.11794987517843963,0.0846065488459492,0.0,18.900000000000002,31.403480163029993,714,1055208140,open
0.08342626278173289,0.05565086659849518,0.0,2.57,15.468392120035274,715,1338083725,open
0.07866184157469676,0.06790014824227159,0.0,5.01,14.680585705506601,716,1596396304,open
0.11290864804088817,0.09918864653820544,0.0,3.0700000000000003,30.415919405882786,717,1070433802,open
0.15417458764875555,0.12662245888638976,0.0,2.34,55.55623050054543,718,393052982,open
0.13470420384388318,0.10631639798218726,0.0,12.05,41.94203330638223,719,79370346,open
0.08262097579457513,0.07903934083266499,0.0,6.93,16.77605998212663,720,1076604206,open
0.11719923732813237,0.09422209147017828,0.0,12.05,31.91022372109909,721,1789057392,open
0.11261290018347932,0.11829710436214637,0.0,6.74,32.360433025702854,722,1231154830,open
0.12215061124156783,0.11745110510532403,0.0,,36.73892469860827,723,110968938,open
0.11460263787684752,0.10244237733580686,0.0,1.77,31.51474955376962,724,221340720,open
0.12113871713765637,0.09971338630511407,0.0,1.85,34.320557283730565,725,1777247080,open
0.12951841996026087,0.11294859016331628,0.0,9.66,39.928734227945476,726,667257572,open
0.13776340876970508,0.14779137587061028,0.0,1.76,48.87865898256168,727,1745366568,open
0.07443670519227091,0.06686448676199364,0.0,3.1,13.317075954734523,728,356371513,open
0.14076374039844675,0.14484602512915387,0.0,1.6300000000000001,50.1190467197803,729,1984238651,open
0.12181529563981403,0.09359014154303746,0.0,9.85,34.05748980065348,730,374056897,open
0.10068894815796865,0.10712810767422067,0.0,10.120000000000001,26.014744289245872,731,1426790370,open
0.07865342339656059,0.08959829860406213,0.0,2.86,16.38664958036859,732,960248942,open
0.0873790522257344,0.07383169616960769,0.0,2.33,17.995757215375864,733,344936627,open
0.10936164486890122,0.10708960928860999,0.0,1.68,29.65403094565695,734,720738903,open
0.1353812422684159,0.08757271345186649,0.0,5.3100000000000005,40.49065158694057,735,949036184,open
0.1151848213734217,0.10176789726827366,0.0,5.0200000000000005,31.713438606857125,736,486304183,open
0.11142283063111323,0.08268684712274281,0.0,9.14,28.248651715249398,737,943674451,open
0.09576948410912142,0.08667956291756063,0.0,7.4,22.10026148684419,738,261637266,open
0.11283876321134283,0.1062270670858656,0.0,11.370000000000001,31.107267856963507,739,1357924747,open
0.11073716538111539,0.08045863460910577,0.0,7.71,27.762235534869824,740,2047641613,open
0.09587105109913813,0.09018184338949684,0.0,1.42,22.44889931627099,741,818486617,open
0.10036099628232167,0.08101995100138801,0.0,6.62,23.426775379694,742,968889979,open
0.13200940675344333,0.1083700801231749,0.0,3.0700000000000003,40.725004075743826,743,1451007644,open
0.13336960215135327,0.09435308828838616,0.0,10.53,40.02615419079847,744,2004148513,open
0.12321171661197342,0.10498823758975341,0.0,,35.8735192370398,745,437887763,open
0.09796135010555533,0.08291018291887271,0.0,5.4,22.629901444826835,746,334193851,open
0.12217423408880593,0.11602765715885097,0.0,13.92,36.584295563258586,747,758815017,open
0.08186250112529186,0.07796786113766385,0.0,1.67,16.442431866167837,748,2055968303,open
0.12677360230542653,0.11140009162651321,0.0,4.49,38.3480826901866,749,1166756665,open
0.1358910158716846,0.12216279834067552,0.0,10.78,44.39461103848912,750,141905744,open
0.12691699918875396,0.10825276753021781,0.0,5.34,38.07518020513195,751,918373639,open
0.09729056670333744,0.07323374509074584,0.0,5.41,21.61249944892127,752,2091591782,open
0.0720225751004104,0.05518508587584288,0.0,2.62,11.897199499750561,753,263121830,open
0.1299129485565866,0.12538546981924278,0.0,12.3,41.61550642622878,754,498420460,open
0.08419550438117258,0.07568931114601057,0.0,4.29,17.042201826878898,755,2074100095,open
0.10352570738449617,0.1028411546258091,0.0,4.94,26.723295721305433,756,110195354,open
0.1478729455246392,0.12316863241292676,0.0,5.44,51.31807204150113,757,1484545571,open
0.0734105364557086,0.07520153778076072,0.0,3.74,13.605849367725428,758,1145193054,open
0.10814696097042115,0.09998453384261195,0.0,6.8500000000000005,28.389983838137805,759,1788929206,open
0.10505616810037326,0.0854229990262826,0.0,1.86,25.7221412931899,760,1966316994,open
0.12745022200136727,0.09694159466472667,0.0,,37.185954564465675,761,767641106,open
0.12442670384417956,0.10873278310861499,0.0,18.18,36.87541832032679,762,645070565,open
0.10202589482662217,0.09545639204804765,0.0,9.07,25.374527821761287,763,2029148515,open
0.1552827063478465,0.12864636426628104,0.0,5.96,56.5003813008894,764,1298115867,open
0.12224047802946804,0.10117288268536268,0.0,7.62,35.00344503317878,765,1744716862,open
0.1455727049198293,0.12927541958236208,0.0,4.74,50.738891889449214,766,59515944,open
0.09976955267443739,0.08357127904392284,0.0,10.63,23.40000662223326,767,2103473644,open
0.13778332121348658,0.11464170007468077,0.0,3.39,44.53984690724418,768,928968355,open
0.08452492226440701,0.08449475673803905,0.0,3.58,17.858606925718302,769,423900928,open
0.08984592799528816,0.08029287890400037,0.0,6.140000000000001,19.3680547560153,770,1395062792,open
0.13493306391987042,0.10012593510400872,0.0,10.73,41.42646491783368,771,1024713647,open
0.10833025726840165,0.11551811397617562,0.0,9.17,30.143106607982556,772,1579097649,open
0.1459638252122425,0.1449909171165385,0.0,9.98,53.122059564327564,773,828604404,open
0.13765420189776464,0.11458041257139581,0.0,8.33,44.461694072736684,774,629444425,open
0.12509372596221044,0.09818799881479884,0.0,15.43,36.11732210584469,775,1318329463,open
0.10899080566367715,0.11183245663331703,0.0,1.23,30.011240616756258,776,1970786961,open
0.1355400130002384,0.11934656822114487,0.0,4.98,43.863991921291806,777,537342785,open
0.09459959851405332,0.07531331501969346,0.0,4.93,20.734215787667942,778,1360289064,open
0.12808021366819225,0.11582132287799464,0.0,3.24,39.51637168318392,779,215762598,open
0.12727024834490924,0.09755180985982324,0.0,10.26,37.15361003101333,780,346459296,open
0.10731836609256427,0.10360095549257022,0.0,8.83,28.401042391042097,781,1023526326,open
0.1103935114997123,0.10736597452659707,0.0,4.91,30.137181005497222,782,132314308,open
0.1055953151269885,0.06314809349613072,0.0,4.8,24.29458200963406,783,1373255526,open
0.09737517014014511,0.10138461696375918,0.0,1.67,24.103267798088467,784,1245389744,open
0.1225313823869859,0.10590461271586811,0.0,4.5200000000000005,35.63577283658048,785,824666831,open
0.11582738809043615,0.10749026651531493,0.0,,32.609046361471776,786,1611019819,open
0.1285940047740375,0.0930455506329551,0.0,,37.40157337394528,787,2120509840,open
0.0774842089686987,0.0796634210710824,0.0,1.52,15.180735607384248,788,1981512045,open
0.10752386203523058,0.09566406418737872,0.0,1.37,27.698568402366075,789,871854248,open
0.10038470137244729,0.08718512030199173,0.0,6.18,23.954799140307287,790,1294734295,open
0.11216661557888613,0.08173922806530282,0.0,2.1,28.503350003199063,791,643848974,open
0.11374867918150598,0.10616714403792085,0.0,,31.513255267658685,792,188827696,open
0.08440959954286434,0.07302952785017672,0.0,7.12,16.916616958983333,793,1747832269,open
0.10801519712388952,0.09617014624374116,0.0,2.89,27.958914133696677,794,864450076,open
0.10862014763507166,0.09454152549470661,0.0,10.450000000000001,28.065722965962596,795,1002208720,open
0.12012157624621633,0.10816361143047741,0.0,12.92,34.70806957859276,796,883546502,open
0.11280652234790683,0.0930563739734769,0.0,1.67,29.780367337003433,797,586728572,open
0.12327963041979904,0.12501152918987654,0.0,8.57,38.20967576808025,798,1509864594,open
0.10694338375471124,0.09504420721841758,0.0,6.34,27.390475320703604,799,615234789,open
0.12136952945857084,0.11426828327496943,0.0,8.9,35.98974564329402,800,45253249,open
0.1191205214106454,0.11472900321961026,0.0,5.57,34.96076933217073,801,2034001568,open
0.14506413181663394,0.1337718027058227,0.0,11.44,51.03465227901032,802,1520962800,open
0.1091558995214624,0.09676061661852232,0.0,3.92,28.511329264877535,803,2065313939,open
0.10876271632710882,0.09694171240226518,0.0,,28.35750472744404,804,1787082528,open
0.10151879891631423,0.08180787010346943,0.0,2.32,23.95839687225517,805,1387783166,open
0.0889739214795235,0.08652437437228837,0.0,5.7700000000000005,19.575951087146738,806,2126440474,open
0.061596897078927154,0.06639154837440098,0.0,2.71,9.79227430727909,807,598649670,open
0.13385775252219445,0.10162264783815565,0.0,8.64,40.99937709740498,808,343241898,open
0.19559186359217268,0.17641397576963483,0.0,2.0100000000000002,92.07329963034285,809,1527653388,open
0.14944369355126685,0.12081691375199652,0.0,12.83,51.965198408768615,810,1474140185,open
0.08237962430540763,0.08022958795885712,0.0,6.15,16.7911983934242,811,465508917,open
0.11282747145157565,0.10539043632294623,0.0,9.49,31.013648662482737,812,2115782638,open
0.1524503721566254,0.13821374247150472,0.0,,56.03375124537692,813,691671598,open
0.08198005982173322,0.06929770372735972,0.0,2.0,15.84254628769236,814,2099101639,open
0.10172757615644537,0.09375989900295728,0.0,2.66,25.092458831853094,815,1163369972,open
0.12851821228017088,0.10764360234902587,0.0,10.120000000000001,38.82743433871982,816,393155307,open
0.11370704337260192,0.10785141751218943,0.0,5.58,31.67454755477184,817,861450526,open
0.10602364299443218,0.11288663337656964,0.0,2.66,28.853721745169675,818,281636721,open
0.12780120422535104,0.09378026783364399,0.0,10.870000000000001,37.063664920374706,819,753818004,open
0.11295223689140262,0.08867683782510613,0.0,8.870000000000001,29.44820642087317,820,1185593310,open
0.09443309776112696,0.08358681911710708,0.0,5.79,21.328598070583084,821,2091937757,open
0.15595622823204694,0.09683681953319229,0.0,14.030000000000001,53.33337505738471,822,2078318400,open
0.10485860128998796,0.11234488217270866,0.0,8.68,28.30133880418519,823,365514975,open
0.10128220834311515,0.0857318113428374,0.0,4.65,24.19114319177831,824,1446883355,open
0.14827114442142156,0.1495117294074359,0.0,1.04,55.14554315127721,825,1318079417,open
0.14256969589451193,0.1377914592237006,0.0,,50.145479492405634,826,806449704,open
0.11953926164652741,0.10952157034360488,0.0,1.69,34.576757335258506,827,82767003,open
0.13998641806255266,0.12602483514547982,0.0,,47.13352402069025,828,1184028740,open
0.0975449167976135,0.08191586904161927,0.0,2.07,22.385126386528537,829,196955897,open
0.08993637825399083,0.09027624984257414,0.0,8.38,20.252004909709218,830,1752367034,open
0.10263183416449355,0.09215218565570418,0.0,7.0200000000000005,25.312599428497887,831,450962986,open
0.1388732776217277,0.10985953992769533,0.0,8.76,44.60613373136549,832,1668105200,open
0.15137260851733245,0.11394922660195848,0.0,1.83,52.31954634027544,833,2129629888,open
0.12564846900084078,0.11146224336124438,0.0,8.27,37.786991372071036,834,1056561942,open
0.1461136215343872,0.1289051592227991,0.0,,51.006650832916,835,1559985033,open
0.1334011706593162,0.11769459385433184,0.0,,42.5177533778201,836,879458987,open
0.1376230917481488,0.1127652532837403,0.0,18.13,44.23823193871183,837,1864097615,open
0.09704935282273734,0.08368899892359785,0.0,1.17,22.3390780370413,838,1496806543,open
0.09775053646726718,0.10154704677116634,0.0,4.53,24.266236113249782,839,106265617,open
0.09685977322900634,0.10729468189250617,0.0,12.09,24.519705721156043,840,816204533,open
0.10319346917716421,0.07614278659513858,0.0,9.11,24.19664613687305,841,1463377933,open
0.10036598846319686,0.07870470966515304,0.0,1.4000000000000001,23.243878942127147,842,1063050847,open
0.1617417212527965,0.1394285895163762,0.0,10.9,62.04093457489754,843,944756395,open
0.0771032735789299,0.06679302460346313,0.0,2.17,14.120483661014017,844,960415093,open
0.1695274969283336,0.14229389023321265,0.0,,67.60292002842306,845,894255029,open
0.17075662100392544,0.15669321816314863,0.0,2.52,70.5920295425185,846,1138698142,open
0.1458030394060482,0.10036338681642208,0.0,2.34,47.55345730671455,847,1520965588,open
0.1281656311514117,0.09466406244634859,0.0,2.15,37.33350037630254,848,617101914,open
0.10576834303007222,0.11646556197994376,0.0,13.120000000000001,29.155998338306112,849,662109904,open
0.08159574482096214,0.08347683352064246,0.0,1.49,16.7999220130917,850,1068070689,open
0.09767519571305508,0.10221204198090623,0.0,2.0100000000000002,24.304538478120502,851,1102663753,open
0.127021273080592,0.1236904876589776,0.0,3.84,39.918475998686546,852,1055616454,open
0.10631449725787333,0.09827786703336974,0.0,16.9,27.434814228703093,853,559902076,open
0.1015561264636371,0.08406642801218268,0.0,2.3000000000000003,24.1608758039602,854,1536889858,open
0.12407171882890047,0.11420182044216233,0.0,1.25,37.30861072246743,855,840533840,open
0.12821268261982532,0.08917444503615406,0.0,8.43,36.853024792897145,856,1299607692,open
0.11600624841479763,0.10818232026005709,0.0,2.0100000000000002,32.76660655097628,857,1145309239,open
0.12959122462897404,0.10619615453379161,0.0,9.22,39.226582620556876,858,1714731117,open
0.11190770147940438,0.10532023619703164,0.0,14.84,30.59284337710624,859,339046871,open
0.0885254019837835,0.1105418579424438,0.0,13.33,21.78324477146467,860,341910587,open
0.13121272726162453,0.11414548814530165,0.0,10.200000000000001,40.94815582283153,861,593107327,open
0.118520936943036,0.0833317948255554,0.0,1.79,31.566519002134427,862,2086906262,open
0.1231849213443172,0.11288743913035403,0.0,,36.72083664991594,863,902814806,open
0.14639920134942508,0.126849654573934,0.0,15.610000000000001,50.91086974426224,864,61284653,open
0.0719901827098623,0.06512406883271128,0.0,1.73,12.485744983862599,865,1015218553,open
0.1002675762535671,0.09479215352618246,0.0,5.53,24.599949880595446,866,596042431,open
0.12782041503246175,0.12375080342627795,0.0,11.47,40.33324767246617,867,1717995438,open
0.1393199804962514,0.11638822158130921,0.0,12.26,45.593222992381776,868,44701534,open
0.11171835736662411,0.09041931754237831,0.0,1.9100000000000001,29.04980923780816,869,1380724855,open
0.11606454563687071,0.09300765953039716,0.0,11.540000000000001,31.267169873447628,870,80226576,open
0.07963403253688103,0.08651404458724725,0.0,1.6,16.425498231592158,871,1207938219,open
0.1006793699106574,0.09361280642133407,0.0,11.47,24.654349814253013,872,1717900863,open
0.10164165517610796,0.08841287975099776,0.0,2.57,24.570470786809906,873,1868026002,open
0.10356142876368368,0.0795421165452679,0.0,1.67,24.61341320740151,874,255393426,open
0.08857580541007934,0.09204247310716406,0.0,1.85,19.927255035930006,875,423803459,open
0.07462170191216082,0.07581991052254056,0.0,3.93,14.011126208357792,876,339469923,open
0.11673478631226088,0.09851880850591209,0.0,5.97,32.10699848545073,877,223516615,open
0.1194076766682904,0.11407611666747067,0.0,5.1000000000000005,35.0230666916031,878,53785893,open
0.07221813045477941,0.0869703699176645,0.0,4.84,14.212839354574768,879,845518457,open
0.08009875800563583,0.07432608253204098,0.0,10.83,15.593805340370688,880,983984349,open
0.1153760578688639,0.10205534589744884,0.0,15.75,31.830916271842877,881,294613185,open
0.141270837504027,0.10808758414028047,0.0,1.23,45.75636198081946,882,1802494396,open
0.14142877951172306,0.1377122251833154,0.0,,49.48652783082121,883,1193960186,open
0.14152071223477877,0.10070982967741857,0.0,14.92,45.12745887970545,884,1699611672,open
0.08765509412485041,0.09648916612437332,0.0,2.52,20.02191064176125,885,1231889674,open
0.09061452710210295,0.08569332732442524,0.0,3.91,20.093658217841035,886,1158499348,open
0.10810946087953931,0.09378221453616693,0.0,7.84,27.772862944983085,887,282594995,open
0.13477129676254504,0.11330507583734423,0.0,10.53,42.7456249673691,888,840025022,open
0.11416044764097837,0.10834009032747767,0.0,6.5,31.934003197260104,889,1537714243,open
0.16191954909358192,0.13043695415015877,0.0,1.31,60.94278026132309,890,527710450,open
0.12662989762035984,0.11449199386355485,0.0,5.8500000000000005,38.624470272111736,891,1195159439,open
0.16811740729627692,0.1351446125152509,0.0,15.200000000000001,65.65895841799325,892,1383340728,open
0.13071167589187355,0.10930277198635302,0.0,2.05,40.14463241087472,893,908776412,open
0.15200111681549747,0.1462034562276402,0.0,,56.896404332770864,894,2140213981,open
0.15174657800151634,0.12268349953971434,0.0,,53.57966839999598,895,1970277104,open
0.12148332876959932,0.10050211372110106,0.0,12.36,34.566735769089625,896,1333122092,open
0.1038674706164968,0.10928500078145699,0.0,9.540000000000001,27.548508602439178,897,1838057655,open
0.15377327812024597,0.13835480488808208,0.0,11.69,56.86346814550264,898,1706330193,open
0.17571598669557148,0.11057490582729337,0.0,3.1,67.86562086015398,899,474527665,open
0.1007824635265599,0.10546690411455055,0.0,2.19,25.87584384071869,900,520094581,open
0.13150976950505083,0.10546494964436302,0.0,14.47,40.15106675228724,901,357734647,open
0.13653479894167764,0.11245877016877329,0.0,1.52,43.606990138025225,902,238710560,open
0.13205192643104685,0.09868566262292167,0.0,9.5,39.744852551963774,903,1966099455,open
0.08173395385120484,0.06926409442310337,0.0,6.74,15.759635812428046,904,860889544,open
0.08469424175911734,0.08472248041649352,0.0,6.8500000000000005,17.935178518265197,905,337695858,open
0.12637608584666496,0.11726391095639985,0.0,3.36,38.81724255424256,906,627667734,open
0.1456178488641016,0.10466346217423642,0.0,2.66,47.88633597276557,907,1626088203,open
0.1386752299918642,0.11344532289513713,0.0,2.87,44.89655946998392,908,765670736,open
0.05889993570477575,0.0774077668519097,0.0,5.0200000000000005,9.934386036553233,909,671125180,open
0.14808045859436034,0.14951386072097142,0.0,14.68,55.03284170887715,910,1247841135,open
0.13179916752836104,0.1127185119641812,0.0,,41.09477259204761,911,775639625,open
0.1336991869982889,0.10901604492060545,0.0,7.75,41.69319423307257,912,903622500,open
0.11717996660277727,0.09245965932235865,0.0,2.24,31.736683447059267,913,1189114621,open
0.10520760256940075,0.0980559982659712,0.0,3.74,26.944768674769996,914,753987465,open
0.12670391675255302,0.10490107994229894,0.0,18.45,37.60988332740609,915,1988492907,open
0.10560382216980693,0.08779746160469931,0.0,1.6600000000000001,26.158531645858734,916,1493675372,open
0.10194643072711199,0.08884915707020763,0.0,6.66,24.733235832038897,917,4417036,open
0.11254549044190479,0.08136171874543846,0.0,,28.642839476223728,918,1745861317,open
0.09735121802872654,0.07768550824166494,0.0,1.6600000000000001,21.972038398736217,919,348509396,open
0.12600773780356517,0.10623699826481046,0.0,2.74,37.399049872902715,920,1156359066,open
0.1071846698134655,0.09762350651986287,0.0,6.3100000000000005,27.74228139866003,921,1546643016,open
0.1571165725204138,0.11595103039582909,0.0,15.22,56.09355544605228,922,525771173,open
0.09926948690587162,0.10151053681523746,0.0,1.8900000000000001,24.86105660336889,923,847110421,open
0.12889655700502325,0.09638948875773393,0.0,3.45,37.87411158698708,924,1942987271,open
0.16908972461758828,0.12788707262575527,0.0,13.82,65.36022161489628,925,618068169,open
0.10011503231515331,0.10193141310736019,0.0,18.82,25.241045879960016,926,253804661,open
0.12749131707662345,0.09973032484789496,0.0,4.73,37.48114070699761,927,2067802679,open
0.07331707102604139,0.0723288233961319,0.0,1.76,13.366515154609615,928,842297091,open
0.08971053151500338,0.0641991275035021,0.0,2.39,18.156722915514283,929,566996721,open
0.09625123060787018,0.06725539182304037,0.0,1.78,20.790242651694193,930,1994024536,open
0.11862228991605034,0.11571328100631705,0.0,,34.837277030478376,931,1533661862,open
0.09750821650042343,0.08752579999865083,0.0,4.0200000000000005,22.846087402888777,932,1538117745,open
0.1681768267968601,0.1296107445507276,0.0,,64.96636269441917,933,2070658856,open
0.09570976862389621,0.07314479720307318,0.0,1.67,20.995800299018818,934,166099213,open
0.08488074658294645,0.09265913493351233,0.0,4.46,18.702339924270174,935,1638027632,open
0.18746243246111158,0.15925964775251159,0.0,16.44,82.96614486960091,936,1292715630,open
0.08675657953734023,0.08782504280561551,0.0,2.66,18.910027257941792,937,1523455040,open
0.11043564696914718,0.08570454868753467,0.0,15.33,28.06469907585523,938,1256052499,open
0.10019195355535078,0.08128545933065019,0.0,10.3,23.380518063772552,939,1553074588,open
0.1258167409469633,0.11118794642360051,0.0,5.57,37.84108431997917,940,1555453589,open
0.07447111234981846,0.0691009105954702,0.0,1.83,13.479361071800168,941,1729209896,open
0.10266176389082551,0.07965053762042303,0.0,1.61,24.25097960196245,942,729919297,open
0.10567307969708023,0.0879253792128104,0.0,2.45,26.19903570018921,943,582426875,open
0.08368788412169174,0.07789135412127816,0.0,4.48,17.040855420954596,944,1027945035,open
0.08534819786977924,0.10150976482259556,0.0,2.93,19.72074593640731,945,1345799493,open
0.11211662253244829,0.10401145356174102,0.0,1.96,30.549465332180155,946,723361925,open
0.08433721873819987,0.06815627263606122,0.0,3.54,16.548171678810522,947,1724184327,open
0.09439483830204896,0.08943069566773679,0.0,4.1,21.8196956599476,948,1519788246,open
0.07777789607241305,0.08913399713621943,0.0,1.5,16.071236957641958,949,1907458629,open
0.14187718642875494,0.12523124720070342,0.0,16.65,48.099704695601396,950,1349615365,open
0.10435318972272685,0.08460967322151303,0.0,2.1,25.358574811940507,951,1945264030,open
0.07083652122645324,0.06832382505824852,0.0,1.68,12.369698014226604,952,924791383,open
0.12539766490287638,0.11658681493734509,0.0,1.72,38.245391434805455,953,1941102723,open
0.11578763790220944,0.09851611084113822,0.0,5.45,31.66626622957807,954,1472853409,open
0.12102382425050519,0.09149866925293854,0.0,7.32,33.47953530996371,955,209666987,open
0.12226137163360185,0.09886768117530138,0.0,6.94,34.78309517794991,956,651373200,open
0.1361215830375579,0.11171130144112719,0.0,1.49,43.29787817213671,957,808325917,open
0.1533912575565791,0.12528999940820595,0.0,,54.90654776543161,958,1599128557,open
0.11842484263866714,0.08601750539469101,0.0,7.66,31.748392325148902,959,980094535,open
0.1691700466527302,0.1535475623599217,0.0,9.4,69.02543632231092,960,769775451,open
0.08704830325425032,0.08581881589936133,0.0,1.45,18.837248780072056,961,1914879823,open
0.09697843321982214,0.0871255983876055,0.0,7.26,22.60506796674216,962,2074780751,open
0.06628228578331535,0.07436208302649722,0.0,1.37,11.551542513342017,963,900340291,open
0.10153450741156995,0.10173256996037089,0.0,10.56,25.793270285991262,964,519771699,open
0.08737530500204034,0.07086794838653908,0.0,1.84,17.78002090265773,965,568894409,open
0.09557449173754629,0.07749341352057112,0.0,2.57,21.271581511315684,966,553401170,open
0.092039057718679,0.08410665572441481,0.0,2.5100000000000002,20.479341060057262,967,42646390,open
0.08576315091449352,0.09852507506063042,0.0,2.15,19.564231317415775,968,1221061464,open
0.10324632472505564,0.09360958259378467,0.0,18.92,25.700984115154576,969,620095089,open
0.08588047275888429,0.08290910023817785,0.0,1.26,18.18787065373104,970,1345045239,open
0.1643207875913516,0.1429740044657629,0.0,12.530000000000001,64.22342544577226,971,1676592419,open
0.0872211183954273,0.08080102696438628,0.0,1.45,18.47944996754802,972,637168571,open
0.0784784919946311,0.07688010531396294,0.0,1.45,15.273022708045765,973,43316759,open
0.14627045590654325,0.129937483605417,0.0,12.14,51.231967365070076,974,1239817283,open
0.1722239434629708,0.12054648259674977,0.0,14.39,66.58790063709735,975,354321761,open
0.16839767449468926,0.152503939877482,0.0,,68.34427938951596,976,1341659232,open
0.1313763039497506,0.12216863687013392,0.0,2.0,41.98205439634773,977,667799598,open
0.1225546482058552,0.09721569887574297,0.0,18.95,34.76472964767144,978,1833781567,open
0.08688730200327184,0.06977660548566128,0.0,5.79,17.53319383536638,979,1142485076,open
0.09605595567101843,0.0928498444882126,0.0,1.1,22.764040050487935,980,1456094841,open
0.0965542812476429,0.07770959897866385,0.0,3.11,21.664849341210235,981,779629588,open
0.10807484744013045,0.10586586737222793,0.0,1.73,28.96413623565208,982,890073276,open
0.10213766973465041,0.09650327096156695,0.0,11.83,25.520647810789836,983,1895454310,open
0.07224416714291157,0.07994325406618258,0.0,1.36,13.633901307691014,984,1224890173,open
0.1875368664048782,0.14693130432704712,0.0,,81.13455661754595,985,445554814,open
0.10058416168528853,0.09877657080561017,0.0,11.98,25.112752633922366,986,232519284,open
0.12273195829216135,0.09980083784364464,0.0,1.42,35.106370789604455,987,1206100690,open
0.10967488351000823,0.1075044987497507,0.0,4.13,29.835768771585336,988,1766802566,open
0.09690108486840161,0.10650222826908383,0.0,1.75,24.4510028104864,989,1670350372,open
0.1187508666474852,0.08995107232311624,0.0,3.2600000000000002,32.2491343650969,990,109838551,open
0.09416961405060541,0.09923758456680205,0.0,4.51,22.65988151620661,991,1996318470,open
0.11639205987385988,0.08673513628669098,0.0,1.8900000000000001,30.85571513669584,992,1508282790,open
0.1364496811273374,0.11361815878503559,0.0,13.34,43.6915739623549,993,1875784602,open
0.10805974005921241,0.09824608351597731,0.0,11.51,28.17996130644333,994,2120246617,open
0.12398041130305748,0.11735861599457377,0.0,4.39,37.62880714783154,995,291029138,open
0.1480575359576461,0.10066340316432207,0.0,4.86,48.90862827601068,996,103083390,open
0.08921235086389766,0.07921402241136365,0.0,3.58,19.055117766620388,997,1700377722,open
0.12419725538670627,0.09553952608931383,0.0,7.72,35.41381701386683,998,2082115592,open
0.10998630993165344,0.10335585366597846,0.0,5.3,29.5351929882751,999,1450295069,open
